###############################################################
#  Generated by:      Cadence Innovus 18.10-p002_1
#  OS:                Linux x86_64(Host ID vlsi.seas.gwu.edu)
#  Generated on:      Wed Apr 29 19:18:23 2026
#  Design:            mips
#  Command:           verify_drc -report drc_sample.rpt
###############################################################

CUTSPACING: ( Different Layer Cut Spacing ) Regular Wire of Net n22  ( metal1 )
Bounds : ( 478.500, 511.200 ) ( 479.100, 511.800 )


CUTSPACING: ( Different Layer Cut Spacing ) Regular Wire of Net n319  ( metal1 )
Bounds : ( 483.300, 508.200 ) ( 483.900, 508.800 )


CUTSPACING: ( Different Layer Cut Spacing ) Regular Wire of Net n316  ( metal1 )
Bounds : ( 483.300, 514.200 ) ( 483.900, 514.800 )


CUTSPACING: ( Different Layer Cut Spacing ) Regular Wire of Net n319 & Regular Wire of Net n280  ( metal1 )
Bounds : ( 485.700, 508.200 ) ( 486.300, 508.800 )


CUTSPACING: ( Different Layer Cut Spacing ) Regular Wire of Net n282  ( metal1 )
Bounds : ( 492.900, 514.200 ) ( 493.500, 514.800 )


CUTSPACING: ( Different Layer Cut Spacing ) Regular Wire of Net n13  ( metal1 )
Bounds : ( 502.500, 511.200 ) ( 503.100, 511.800 )


CUTSPACING: ( Different Layer Cut Spacing ) Regular Wire of Net n320 & Regular Wire of Net n323  ( metal1 )
Bounds : ( 524.100, 514.200 ) ( 524.700, 514.800 )


CUTSPACING: ( Different Layer Cut Spacing ) Regular Wire of Net n15  ( metal1 )
Bounds : ( 531.300, 514.200 ) ( 531.900, 514.800 )


CUTSPACING: ( Different Layer Cut Spacing ) Regular Wire of Net n272  ( metal1 )
Bounds : ( 545.700, 508.200 ) ( 546.300, 508.800 )


CUTSPACING: ( Different Layer Cut Spacing ) Regular Wire of Net n274 & Regular Wire of Net n323  ( metal1 )
Bounds : ( 545.700, 514.200 ) ( 546.300, 514.800 )


CUTSPACING: ( Different Layer Cut Spacing ) Regular Wire of Net n324  ( metal1 )
Bounds : ( 550.500, 511.200 ) ( 551.100, 511.800 )


CUTSPACING: ( Different Layer Cut Spacing ) Regular Wire of Net n274  ( metal1 )
Bounds : ( 552.900, 514.200 ) ( 553.500, 514.800 )


CUTSPACING: ( Different Layer Cut Spacing ) Regular Wire of Net n270 & Regular Wire of Net n267  ( metal1 )
Bounds : ( 509.700, 454.200 ) ( 510.300, 454.800 )


CUTSPACING: ( Different Layer Cut Spacing ) Regular Wire of Net n274 & Regular Wire of Net n32  ( metal1 )
Bounds : ( 512.100, 475.200 ) ( 512.700, 475.800 )


CUTSPACING: ( Different Layer Cut Spacing ) Regular Wire of Net n267  ( metal1 )
Bounds : ( 519.300, 478.200 ) ( 519.900, 478.800 )


CUTSPACING: ( Different Layer Cut Spacing ) Regular Wire of Net n32  ( metal1 )
Bounds : ( 521.700, 454.200 ) ( 522.300, 454.800 )


CUTSPACING: ( Different Layer Cut Spacing ) Regular Wire of Net n56  ( metal1 )
Bounds : ( 524.100, 418.200 ) ( 524.700, 418.800 )


CUTSPACING: ( Different Layer Cut Spacing ) Regular Wire of Net n274  ( metal1 )
Bounds : ( 526.500, 451.200 ) ( 527.100, 451.800 )


CUTSPACING: ( Different Layer Cut Spacing ) Regular Wire of Net n273  ( metal1 )
Bounds : ( 526.500, 475.200 ) ( 527.100, 475.800 )


CUTSPACING: ( Different Layer Cut Spacing ) Regular Wire of Net n271  ( metal1 )
Bounds : ( 528.900, 415.200 ) ( 529.500, 415.800 )


CUTSPACING: ( Different Layer Cut Spacing ) Regular Wire of Net n80  ( metal1 )
Bounds : ( 540.900, 454.200 ) ( 541.500, 454.800 )


CUTSPACING: ( Different Layer Cut Spacing ) Regular Wire of Net n270  ( metal1 )
Bounds : ( 543.300, 451.200 ) ( 543.900, 451.800 )


CUTSPACING: ( Different Layer Cut Spacing ) Regular Wire of Net n272  ( metal1 )
Bounds : ( 543.300, 475.200 ) ( 543.900, 475.800 )


CUTSPACING: ( Different Layer Cut Spacing ) Regular Wire of Net n21  ( metal1 )
Bounds : ( 545.700, 448.200 ) ( 546.300, 448.800 )


CUTSPACING: ( Different Layer Cut Spacing ) Regular Wire of Net n272  ( metal1 )
Bounds : ( 548.100, 475.200 ) ( 548.700, 475.800 )


CUTSPACING: ( Different Layer Cut Spacing ) Regular Wire of Net n271  ( metal1 )
Bounds : ( 550.500, 415.200 ) ( 551.100, 415.800 )


CUTSPACING: ( Different Layer Cut Spacing ) Regular Wire of Net n269  ( metal1 )
Bounds : ( 550.500, 454.200 ) ( 551.100, 454.800 )


CUTSPACING: ( Different Layer Cut Spacing ) Regular Wire of Net n80  ( metal1 )
Bounds : ( 550.500, 478.200 ) ( 551.100, 478.800 )


CUTSPACING: ( Different Layer Cut Spacing ) Regular Wire of Net n15  ( metal1 )
Bounds : ( 552.900, 478.200 ) ( 553.500, 478.800 )


CUTSPACING: ( Different Layer Cut Spacing ) Regular Wire of Net n287  ( metal1 )
Bounds : ( 437.700, 415.200 ) ( 438.300, 415.800 )


CUTSPACING: ( Different Layer Cut Spacing ) Regular Wire of Net n266  ( metal1 )
Bounds : ( 449.700, 454.200 ) ( 450.300, 454.800 )


CUTSPACING: ( Different Layer Cut Spacing ) Regular Wire of Net n536  ( metal1 )
Bounds : ( 449.700, 475.200 ) ( 450.300, 475.800 )


CUTSPACING: ( Different Layer Cut Spacing ) Regular Wire of Net n537  ( metal1 )
Bounds : ( 452.100, 415.200 ) ( 452.700, 415.800 )


CUTSPACING: ( Different Layer Cut Spacing ) Regular Wire of Net n537  ( metal1 )
Bounds : ( 452.100, 457.200 ) ( 452.700, 457.800 )


CUTSPACING: ( Different Layer Cut Spacing ) Regular Wire of Net n14  ( metal1 )
Bounds : ( 452.100, 478.200 ) ( 452.700, 478.800 )


CUTSPACING: ( Different Layer Cut Spacing ) Regular Wire of Net n281  ( metal1 )
Bounds : ( 461.700, 475.200 ) ( 462.300, 475.800 )


CUTSPACING: ( Different Layer Cut Spacing ) Regular Wire of Net n275  ( metal1 )
Bounds : ( 468.900, 478.200 ) ( 469.500, 478.800 )


CUTSPACING: ( Different Layer Cut Spacing ) Regular Wire of Net n280  ( metal1 )
Bounds : ( 471.300, 454.200 ) ( 471.900, 454.800 )


CUTSPACING: ( Different Layer Cut Spacing ) Regular Wire of Net n81 & Regular Wire of Net n277  ( metal1 )
Bounds : ( 473.700, 415.200 ) ( 474.300, 415.800 )


CUTSPACING: ( Different Layer Cut Spacing ) Regular Wire of Net n23  ( metal1 )
Bounds : ( 476.100, 418.200 ) ( 476.700, 418.800 )


CUTSPACING: ( Different Layer Cut Spacing ) Regular Wire of Net n282 & Regular Wire of Net n279  ( metal1 )
Bounds : ( 476.100, 475.200 ) ( 476.700, 475.800 )


CUTSPACING: ( Different Layer Cut Spacing ) Regular Wire of Net n81  ( metal1 )
Bounds : ( 478.500, 415.200 ) ( 479.100, 415.800 )


CUTSPACING: ( Different Layer Cut Spacing ) Regular Wire of Net n23  ( metal1 )
Bounds : ( 478.500, 451.200 ) ( 479.100, 451.800 )


CUTSPACING: ( Different Layer Cut Spacing ) Regular Wire of Net n22  ( metal1 )
Bounds : ( 478.500, 478.200 ) ( 479.100, 478.800 )


CUTSPACING: ( Different Layer Cut Spacing ) Regular Wire of Net n278  ( metal1 )
Bounds : ( 480.900, 418.200 ) ( 481.500, 418.800 )


CUTSPACING: ( Different Layer Cut Spacing ) Regular Wire of Net n282  ( metal1 )
Bounds : ( 480.900, 475.200 ) ( 481.500, 475.800 )


CUTSPACING: ( Different Layer Cut Spacing ) Regular Wire of Net n279  ( metal1 )
Bounds : ( 488.100, 475.200 ) ( 488.700, 475.800 )


CUTSPACING: ( Different Layer Cut Spacing ) Regular Wire of Net n268  ( metal1 )
Bounds : ( 497.700, 448.200 ) ( 498.300, 448.800 )


CUTSPACING: ( Different Layer Cut Spacing ) Regular Wire of Net n282  ( metal1 )
Bounds : ( 497.700, 478.200 ) ( 498.300, 478.800 )


CUTSPACING: ( Different Layer Cut Spacing ) Regular Wire of Net instr[1]  ( metal1 )
Bounds : ( 502.500, 415.200 ) ( 503.100, 415.800 )


CUTSPACING: ( Different Layer Cut Spacing ) Regular Wire of Net n33  ( metal1 )
Bounds : ( 502.500, 451.200 ) ( 503.100, 451.800 )


CUTSPACING: ( Different Layer Cut Spacing ) Regular Wire of Net n32  ( metal1 )
Bounds : ( 502.500, 475.200 ) ( 503.100, 475.800 )


CUTSPACING: ( Different Layer Cut Spacing ) Regular Wire of Net n56  ( metal1 )
Bounds : ( 504.900, 418.200 ) ( 505.500, 418.800 )


CUTSPACING: ( Different Layer Cut Spacing ) Regular Wire of Net n267  ( metal1 )
Bounds : ( 504.900, 454.200 ) ( 505.500, 454.800 )


CUTSPACING: ( Different Layer Cut Spacing ) Regular Wire of Net n7  ( metal1 )
Bounds : ( 329.700, 511.200 ) ( 330.300, 511.800 )


CUTSPACING: ( Different Layer Cut Spacing ) Regular Wire of Net n297  ( metal1 )
Bounds : ( 332.100, 514.200 ) ( 332.700, 514.800 )


CUTSPACING: ( Different Layer Cut Spacing ) Regular Wire of Net n7  ( metal1 )
Bounds : ( 336.900, 511.200 ) ( 337.500, 511.800 )


CUTSPACING: ( Different Layer Cut Spacing ) Regular Wire of Net n312  ( metal1 )
Bounds : ( 341.700, 514.200 ) ( 342.300, 514.800 )


CUTSPACING: ( Different Layer Cut Spacing ) Regular Wire of Net n313 & Regular Wire of Net n298  ( metal1 )
Bounds : ( 346.500, 514.200 ) ( 347.100, 514.800 )


CUTSPACING: ( Different Layer Cut Spacing ) Regular Wire of Net n314  ( metal1 )
Bounds : ( 351.300, 511.200 ) ( 351.900, 511.800 )


CUTSPACING: ( Different Layer Cut Spacing ) Regular Wire of Net n297  ( metal1 )
Bounds : ( 353.700, 514.200 ) ( 354.300, 514.800 )


CUTSPACING: ( Different Layer Cut Spacing ) Regular Wire of Net n297 & Regular Wire of Net n76  ( metal1 )
Bounds : ( 356.100, 514.200 ) ( 356.700, 514.800 )


CUTSPACING: ( Different Layer Cut Spacing ) Regular Wire of Net n296  ( metal1 )
Bounds : ( 363.300, 511.200 ) ( 363.900, 511.800 )


CUTSPACING: ( Different Layer Cut Spacing ) Regular Wire of Net n298  ( metal1 )
Bounds : ( 370.500, 514.200 ) ( 371.100, 514.800 )


CUTSPACING: ( Different Layer Cut Spacing ) Regular Wire of Net n298  ( metal1 )
Bounds : ( 404.100, 514.200 ) ( 404.700, 514.800 )


CUTSPACING: ( Different Layer Cut Spacing ) Regular Wire of Net n11  ( metal1 )
Bounds : ( 411.300, 514.200 ) ( 411.900, 514.800 )


CUTSPACING: ( Different Layer Cut Spacing ) Regular Wire of Net n288  ( metal1 )
Bounds : ( 420.900, 508.200 ) ( 421.500, 508.800 )


CUTSPACING: ( Different Layer Cut Spacing ) Regular Wire of Net n290  ( metal1 )
Bounds : ( 428.100, 514.200 ) ( 428.700, 514.800 )


CUTSPACING: ( Different Layer Cut Spacing ) Regular Wire of Net n11  ( metal1 )
Bounds : ( 430.500, 511.200 ) ( 431.100, 511.800 )


CUTSPACING: ( Different Layer Cut Spacing ) Regular Wire of Net n316  ( metal1 )
Bounds : ( 432.900, 514.200 ) ( 433.500, 514.800 )


SHORT: ( Cut Short ) Regular Wire of Net n296 & Regular Wire of Net n314  ( metal2 )
Bounds : ( 372.900, 511.200 ) ( 373.500, 511.800 )


SHORT: ( Cut Short ) Regular Wire of Net n288 & Regular Wire of Net n24  ( metal2 )
Bounds : ( 408.900, 508.200 ) ( 409.500, 508.800 )


CUTSPACING: ( Different Layer Cut Spacing ) Regular Wire of Net cont_state[3]  ( metal1 )
Bounds : ( 293.700, 478.200 ) ( 294.300, 478.800 )


CUTSPACING: ( Different Layer Cut Spacing ) Regular Wire of Net n556  ( metal1 )
Bounds : ( 296.100, 475.200 ) ( 296.700, 475.800 )


CUTSPACING: ( Different Layer Cut Spacing ) Regular Wire of Net n235  ( metal1 )
Bounds : ( 298.500, 472.200 ) ( 299.100, 472.800 )


CUTSPACING: ( Different Layer Cut Spacing ) Regular Wire of Net n294 & Regular Wire of Net n9  ( metal1 )
Bounds : ( 336.900, 451.200 ) ( 337.500, 451.800 )


CUTSPACING: ( Different Layer Cut Spacing ) Regular Wire of Net n9  ( metal1 )
Bounds : ( 339.300, 448.200 ) ( 339.900, 448.800 )


CUTSPACING: ( Different Layer Cut Spacing ) Regular Wire of Net n32  ( metal1 )
Bounds : ( 339.300, 475.200 ) ( 339.900, 475.800 )


CUTSPACING: ( Different Layer Cut Spacing ) Regular Wire of Net n59  ( metal1 )
Bounds : ( 341.700, 418.200 ) ( 342.300, 418.800 )


CUTSPACING: ( Different Layer Cut Spacing ) Regular Wire of Net n9  ( metal1 )
Bounds : ( 341.700, 451.200 ) ( 342.300, 451.800 )


CUTSPACING: ( Different Layer Cut Spacing ) Regular Wire of Net n312  ( metal1 )
Bounds : ( 341.700, 475.200 ) ( 342.300, 475.800 )


CUTSPACING: ( Different Layer Cut Spacing ) Regular Wire of Net n345  ( metal1 )
Bounds : ( 346.500, 421.200 ) ( 347.100, 421.800 )


CUTSPACING: ( Different Layer Cut Spacing ) Regular Wire of Net n76  ( metal1 )
Bounds : ( 346.500, 457.200 ) ( 347.100, 457.800 )


CUTSPACING: ( Different Layer Cut Spacing ) Regular Wire of Net n32  ( metal1 )
Bounds : ( 356.100, 475.200 ) ( 356.700, 475.800 )


CUTSPACING: ( Different Layer Cut Spacing ) Regular Wire of Net n76  ( metal1 )
Bounds : ( 363.300, 451.200 ) ( 363.900, 451.800 )


CUTSPACING: ( Different Layer Cut Spacing ) Regular Wire of Net dp_n20  ( metal1 )
Bounds : ( 365.700, 418.200 ) ( 366.300, 418.800 )


CUTSPACING: ( Different Layer Cut Spacing ) Regular Wire of Net n314  ( metal1 )
Bounds : ( 365.700, 454.200 ) ( 366.300, 454.800 )


CUTSPACING: ( Different Layer Cut Spacing ) Regular Wire of Net n292  ( metal1 )
Bounds : ( 380.100, 451.200 ) ( 380.700, 451.800 )


CUTSPACING: ( Different Layer Cut Spacing ) Regular Wire of Net n294  ( metal1 )
Bounds : ( 382.500, 454.200 ) ( 383.100, 454.800 )


CUTSPACING: ( Different Layer Cut Spacing ) Regular Wire of Net n292  ( metal1 )
Bounds : ( 384.900, 481.200 ) ( 385.500, 481.800 )


CUTSPACING: ( Different Layer Cut Spacing ) Regular Wire of Net n283  ( metal1 )
Bounds : ( 399.300, 478.200 ) ( 399.900, 478.800 )


CUTSPACING: ( Different Layer Cut Spacing ) Regular Wire of Net n35  ( metal1 )
Bounds : ( 406.500, 415.200 ) ( 407.100, 415.800 )


CUTSPACING: ( Different Layer Cut Spacing ) Regular Wire of Net n25  ( metal1 )
Bounds : ( 406.500, 451.200 ) ( 407.100, 451.800 )


CUTSPACING: ( Different Layer Cut Spacing ) Regular Wire of Net n289  ( metal1 )
Bounds : ( 406.500, 475.200 ) ( 407.100, 475.800 )


CUTSPACING: ( Different Layer Cut Spacing ) Regular Wire of Net n286  ( metal1 )
Bounds : ( 411.300, 415.200 ) ( 411.900, 415.800 )


CUTSPACING: ( Different Layer Cut Spacing ) Regular Wire of Net n34  ( metal1 )
Bounds : ( 413.700, 418.200 ) ( 414.300, 418.800 )


CUTSPACING: ( Different Layer Cut Spacing ) Regular Wire of Net n286  ( metal1 )
Bounds : ( 416.100, 451.200 ) ( 416.700, 451.800 )


CUTSPACING: ( Different Layer Cut Spacing ) Regular Wire of Net n25  ( metal1 )
Bounds : ( 418.500, 448.200 ) ( 419.100, 448.800 )


CUTSPACING: ( Different Layer Cut Spacing ) Regular Wire of Net n32  ( metal1 )
Bounds : ( 425.700, 475.200 ) ( 426.300, 475.800 )


CUTSPACING: ( Different Layer Cut Spacing ) Regular Wire of Net n290  ( metal1 )
Bounds : ( 430.500, 478.200 ) ( 431.100, 478.800 )


SHORT: ( Cut Short ) Regular Wire of Net n290 & Regular Wire of Net n283  ( metal2 )
Bounds : ( 392.100, 478.200 ) ( 392.700, 478.800 )


SHORT: ( Out Of Die ) Regular Wire of Net writedata[5]  ( metal2 )
Bounds : ( 578.400, 343.050 ) ( 578.850, 343.950 )


SHORT: ( Out Of Die ) Regular Wire of Net writedata[6]  ( metal2 )
Bounds : ( 578.400, 346.050 ) ( 578.850, 346.950 )


SHORT: ( Out Of Die ) Regular Wire of Net test_so  ( metal2 )
Bounds : ( 578.400, 349.050 ) ( 578.850, 349.950 )


CUTSPACING: ( Different Layer Cut Spacing ) Regular Wire of Net instr[1]  ( metal1 )
Bounds : ( 507.300, 391.200 ) ( 507.900, 391.800 )


CUTSPACING: ( Different Layer Cut Spacing ) Regular Wire of Net n245  ( metal1 )
Bounds : ( 512.100, 361.200 ) ( 512.700, 361.800 )


CUTSPACING: ( Different Layer Cut Spacing ) Regular Wire of Net n305  ( metal1 )
Bounds : ( 514.500, 364.200 ) ( 515.100, 364.800 )


CUTSPACING: ( Different Layer Cut Spacing ) Regular Wire of Net n27  ( metal1 )
Bounds : ( 528.900, 394.200 ) ( 529.500, 394.800 )


CUTSPACING: ( Different Layer Cut Spacing ) Regular Wire of Net n87 & Regular Wire of Net n251  ( metal1 )
Bounds : ( 531.300, 355.200 ) ( 531.900, 355.800 )


CUTSPACING: ( Different Layer Cut Spacing ) Regular Wire of Net n326  ( metal1 )
Bounds : ( 531.300, 391.200 ) ( 531.900, 391.800 )


CUTSPACING: ( Different Layer Cut Spacing ) Regular Wire of Net n309  ( metal1 )
Bounds : ( 533.700, 394.200 ) ( 534.300, 394.800 )


CUTSPACING: ( Different Layer Cut Spacing ) Regular Wire of Net writedata[3]  ( metal1 )
Bounds : ( 536.100, 391.200 ) ( 536.700, 391.800 )


CUTSPACING: ( Different Layer Cut Spacing ) Regular Wire of Net n251  ( metal1 )
Bounds : ( 538.500, 355.200 ) ( 539.100, 355.800 )


CUTSPACING: ( Different Layer Cut Spacing ) Regular Wire of Net n339  ( metal1 )
Bounds : ( 538.500, 361.200 ) ( 539.100, 361.800 )


CUTSPACING: ( Different Layer Cut Spacing ) Regular Wire of Net n27  ( metal1 )
Bounds : ( 545.700, 358.200 ) ( 546.300, 358.800 )


CUTSPACING: ( Different Layer Cut Spacing ) Regular Wire of Net instr[2]  ( metal1 )
Bounds : ( 548.100, 355.200 ) ( 548.700, 355.800 )


CUTSPACING: ( Different Layer Cut Spacing ) Regular Wire of Net n309  ( metal1 )
Bounds : ( 552.900, 355.200 ) ( 553.500, 355.800 )


CUTSPACING: ( Different Layer Cut Spacing ) Regular Wire of Net n318  ( metal1 )
Bounds : ( 440.100, 391.200 ) ( 440.700, 391.800 )


CUTSPACING: ( Different Layer Cut Spacing ) Regular Wire of Net n12  ( metal1 )
Bounds : ( 447.300, 394.200 ) ( 447.900, 394.800 )


CUTSPACING: ( Different Layer Cut Spacing ) Regular Wire of Net n214  ( metal1 )
Bounds : ( 449.700, 391.200 ) ( 450.300, 391.800 )


CUTSPACING: ( Different Layer Cut Spacing ) Regular Wire of Net n88  ( metal1 )
Bounds : ( 454.500, 391.200 ) ( 455.100, 391.800 )


CUTSPACING: ( Different Layer Cut Spacing ) Regular Wire of Net n537  ( metal1 )
Bounds : ( 464.100, 394.200 ) ( 464.700, 394.800 )


CUTSPACING: ( Different Layer Cut Spacing ) Regular Wire of Net n87  ( metal1 )
Bounds : ( 466.500, 358.200 ) ( 467.100, 358.800 )


CUTSPACING: ( Different Layer Cut Spacing ) Regular Wire of Net n279  ( metal1 )
Bounds : ( 471.300, 355.200 ) ( 471.900, 355.800 )


CUTSPACING: ( Different Layer Cut Spacing ) Regular Wire of Net n322  ( metal1 )
Bounds : ( 471.300, 361.200 ) ( 471.900, 361.800 )


CUTSPACING: ( Different Layer Cut Spacing ) Regular Wire of Net n275  ( metal1 )
Bounds : ( 471.300, 394.200 ) ( 471.900, 394.800 )


CUTSPACING: ( Different Layer Cut Spacing ) Regular Wire of Net n81  ( metal1 )
Bounds : ( 471.300, 412.200 ) ( 471.900, 412.800 )


CUTSPACING: ( Different Layer Cut Spacing ) Regular Wire of Net n277 & Regular Wire of Net n58  ( metal1 )
Bounds : ( 473.700, 391.200 ) ( 474.300, 391.800 )


CUTSPACING: ( Different Layer Cut Spacing ) Regular Wire of Net n279 & Regular Wire of Net n27  ( metal1 )
Bounds : ( 476.100, 355.200 ) ( 476.700, 355.800 )


CUTSPACING: ( Different Layer Cut Spacing ) Regular Wire of Net n277  ( metal1 )
Bounds : ( 478.500, 391.200 ) ( 479.100, 391.800 )


CUTSPACING: ( Different Layer Cut Spacing ) Regular Wire of Net n309  ( metal1 )
Bounds : ( 480.900, 355.200 ) ( 481.500, 355.800 )


CUTSPACING: ( Different Layer Cut Spacing ) Regular Wire of Net writedata[4]  ( metal1 )
Bounds : ( 483.300, 358.200 ) ( 483.900, 358.800 )


CUTSPACING: ( Different Layer Cut Spacing ) Regular Wire of Net n34  ( metal1 )
Bounds : ( 488.100, 391.200 ) ( 488.700, 391.800 )


CUTSPACING: ( Different Layer Cut Spacing ) Regular Wire of Net instr[1]  ( metal1 )
Bounds : ( 500.100, 364.200 ) ( 500.700, 364.800 )


CUTSPACING: ( Different Layer Cut Spacing ) Regular Wire of Net n36  ( metal1 )
Bounds : ( 504.900, 361.200 ) ( 505.500, 361.800 )


CUTSPACING: ( Different Layer Cut Spacing ) Regular Wire of Net instr[2]  ( metal1 )
Bounds : ( 504.900, 394.200 ) ( 505.500, 394.800 )


SHORT: ( Out Of Die ) Regular Wire of Net writedata[0]  ( metal2 )
Bounds : ( 578.400, 328.050 ) ( 578.850, 328.950 )


SHORT: ( Out Of Die ) Regular Wire of Net writedata[1]  ( metal2 )
Bounds : ( 578.400, 331.050 ) ( 578.850, 331.950 )


SHORT: ( Out Of Die ) Regular Wire of Net writedata[2]  ( metal2 )
Bounds : ( 578.400, 334.050 ) ( 578.850, 334.950 )


SHORT: ( Out Of Die ) Regular Wire of Net writedata[3]  ( metal2 )
Bounds : ( 578.400, 337.050 ) ( 578.850, 337.950 )


SHORT: ( Out Of Die ) Regular Wire of Net writedata[4]  ( metal2 )
Bounds : ( 578.400, 340.050 ) ( 578.850, 340.950 )


CUTSPACING: ( Different Layer Cut Spacing ) Regular Wire of Net n35  ( metal1 )
Bounds : ( 507.300, 271.200 ) ( 507.900, 271.800 )


CUTSPACING: ( Different Layer Cut Spacing ) Regular Wire of Net n333  ( metal1 )
Bounds : ( 507.300, 328.200 ) ( 507.900, 328.800 )


CUTSPACING: ( Different Layer Cut Spacing ) Regular Wire of Net n237 & Regular Wire of Net n245  ( metal1 )
Bounds : ( 509.700, 274.200 ) ( 510.300, 274.800 )


CUTSPACING: ( Different Layer Cut Spacing ) Regular Wire of Net n79 & Regular Wire of Net n239  ( metal1 )
Bounds : ( 512.100, 274.200 ) ( 512.700, 274.800 )


CUTSPACING: ( Different Layer Cut Spacing ) Regular Wire of Net n35  ( metal1 )
Bounds : ( 514.500, 295.200 ) ( 515.100, 295.800 )


CUTSPACING: ( Different Layer Cut Spacing ) Regular Wire of Net n32  ( metal1 )
Bounds : ( 514.500, 331.200 ) ( 515.100, 331.800 )


CUTSPACING: ( Different Layer Cut Spacing ) Regular Wire of Net n245  ( metal1 )
Bounds : ( 516.900, 271.200 ) ( 517.500, 271.800 )


CUTSPACING: ( Different Layer Cut Spacing ) Regular Wire of Net n32  ( metal1 )
Bounds : ( 516.900, 334.200 ) ( 517.500, 334.800 )


CUTSPACING: ( Different Layer Cut Spacing ) Regular Wire of Net n79  ( metal1 )
Bounds : ( 519.300, 274.200 ) ( 519.900, 274.800 )


CUTSPACING: ( Different Layer Cut Spacing ) Regular Wire of Net n250  ( metal1 )
Bounds : ( 526.500, 298.200 ) ( 527.100, 298.800 )


CUTSPACING: ( Different Layer Cut Spacing ) Regular Wire of Net n77  ( metal1 )
Bounds : ( 528.900, 295.200 ) ( 529.500, 295.800 )


CUTSPACING: ( Different Layer Cut Spacing ) Regular Wire of Net n253  ( metal1 )
Bounds : ( 531.300, 274.200 ) ( 531.900, 274.800 )


CUTSPACING: ( Different Layer Cut Spacing ) Regular Wire of Net n77  ( metal1 )
Bounds : ( 531.300, 292.200 ) ( 531.900, 292.800 )


CUTSPACING: ( Different Layer Cut Spacing ) Regular Wire of Net n251  ( metal1 )
Bounds : ( 533.700, 334.200 ) ( 534.300, 334.800 )


CUTSPACING: ( Different Layer Cut Spacing ) Regular Wire of Net n253 & Regular Wire of Net n252  ( metal1 )
Bounds : ( 545.700, 274.200 ) ( 546.300, 274.800 )


CUTSPACING: ( Different Layer Cut Spacing ) Regular Wire of Net n253  ( metal1 )
Bounds : ( 548.100, 274.200 ) ( 548.700, 274.800 )


CUTSPACING: ( Different Layer Cut Spacing ) Regular Wire of Net n77  ( metal1 )
Bounds : ( 548.100, 295.200 ) ( 548.700, 295.800 )


CUTSPACING: ( Different Layer Cut Spacing ) Regular Wire of Net n16  ( metal1 )
Bounds : ( 550.500, 298.200 ) ( 551.100, 298.800 )


CUTSPACING: ( Different Layer Cut Spacing ) Regular Wire of Net n35 & Regular Wire of Net n258  ( metal1 )
Bounds : ( 437.700, 271.200 ) ( 438.300, 271.800 )


CUTSPACING: ( Different Layer Cut Spacing ) Regular Wire of Net n263  ( metal1 )
Bounds : ( 437.700, 295.200 ) ( 438.300, 295.800 )


CUTSPACING: ( Different Layer Cut Spacing ) Regular Wire of Net n258  ( metal1 )
Bounds : ( 444.900, 271.200 ) ( 445.500, 271.800 )


CUTSPACING: ( Different Layer Cut Spacing ) Regular Wire of Net n88  ( metal1 )
Bounds : ( 444.900, 331.200 ) ( 445.500, 331.800 )


CUTSPACING: ( Different Layer Cut Spacing ) Regular Wire of Net n218  ( metal1 )
Bounds : ( 447.300, 334.200 ) ( 447.900, 334.800 )


CUTSPACING: ( Different Layer Cut Spacing ) Regular Wire of Net n88  ( metal1 )
Bounds : ( 452.100, 298.200 ) ( 452.700, 298.800 )


CUTSPACING: ( Different Layer Cut Spacing ) Regular Wire of Net n14  ( metal1 )
Bounds : ( 452.100, 334.200 ) ( 452.700, 334.800 )


CUTSPACING: ( Different Layer Cut Spacing ) Regular Wire of Net n213  ( metal1 )
Bounds : ( 454.500, 295.200 ) ( 455.100, 295.800 )


CUTSPACING: ( Different Layer Cut Spacing ) Regular Wire of Net n255  ( metal1 )
Bounds : ( 456.900, 274.200 ) ( 457.500, 274.800 )


CUTSPACING: ( Different Layer Cut Spacing ) Regular Wire of Net n17  ( metal1 )
Bounds : ( 459.300, 295.200 ) ( 459.900, 295.800 )


CUTSPACING: ( Different Layer Cut Spacing ) Regular Wire of Net n258  ( metal1 )
Bounds : ( 461.700, 328.200 ) ( 462.300, 328.800 )


CUTSPACING: ( Different Layer Cut Spacing ) Regular Wire of Net n535  ( metal1 )
Bounds : ( 466.500, 295.200 ) ( 467.100, 295.800 )


CUTSPACING: ( Different Layer Cut Spacing ) Regular Wire of Net n58  ( metal1 )
Bounds : ( 468.900, 331.200 ) ( 469.500, 331.800 )


CUTSPACING: ( Different Layer Cut Spacing ) Regular Wire of Net instr[0]  ( metal1 )
Bounds : ( 471.300, 334.200 ) ( 471.900, 334.800 )


CUTSPACING: ( Different Layer Cut Spacing ) Regular Wire of Net n304  ( metal1 )
Bounds : ( 473.700, 337.200 ) ( 474.300, 337.800 )


CUTSPACING: ( Different Layer Cut Spacing ) Regular Wire of Net instr[0]  ( metal1 )
Bounds : ( 478.500, 295.200 ) ( 479.100, 295.800 )


CUTSPACING: ( Different Layer Cut Spacing ) Regular Wire of Net n215  ( metal1 )
Bounds : ( 478.500, 328.200 ) ( 479.100, 328.800 )


CUTSPACING: ( Different Layer Cut Spacing ) Regular Wire of Net n261  ( metal1 )
Bounds : ( 478.500, 334.200 ) ( 479.100, 334.800 )


CUTSPACING: ( Different Layer Cut Spacing ) Regular Wire of Net n55  ( metal1 )
Bounds : ( 480.900, 298.200 ) ( 481.500, 298.800 )


CUTSPACING: ( Different Layer Cut Spacing ) Regular Wire of Net n304  ( metal1 )
Bounds : ( 483.300, 331.200 ) ( 483.900, 331.800 )


CUTSPACING: ( Different Layer Cut Spacing ) Regular Wire of Net instr[0]  ( metal1 )
Bounds : ( 485.700, 334.200 ) ( 486.300, 334.800 )


CUTSPACING: ( Different Layer Cut Spacing ) Regular Wire of Net n237  ( metal1 )
Bounds : ( 490.500, 274.200 ) ( 491.100, 274.800 )


CUTSPACING: ( Different Layer Cut Spacing ) Regular Wire of Net n34  ( metal1 )
Bounds : ( 492.900, 271.200 ) ( 493.500, 271.800 )


CUTSPACING: ( Different Layer Cut Spacing ) Regular Wire of Net n535  ( metal1 )
Bounds : ( 492.900, 295.200 ) ( 493.500, 295.800 )


CUTSPACING: ( Different Layer Cut Spacing ) Regular Wire of Net n241  ( metal1 )
Bounds : ( 495.300, 274.200 ) ( 495.900, 274.800 )


CUTSPACING: ( Different Layer Cut Spacing ) Regular Wire of Net n332  ( metal1 )
Bounds : ( 500.100, 334.200 ) ( 500.700, 334.800 )


CUTSPACING: ( Different Layer Cut Spacing ) Regular Wire of Net n235  ( metal1 )
Bounds : ( 291.300, 388.200 ) ( 291.900, 388.800 )


CUTSPACING: ( Different Layer Cut Spacing ) Regular Wire of Net n95  ( metal1 )
Bounds : ( 296.100, 391.200 ) ( 296.700, 391.800 )


CUTSPACING: ( Different Layer Cut Spacing ) Regular Wire of Net cont_state[1]  ( metal1 )
Bounds : ( 310.500, 364.200 ) ( 311.100, 364.800 )


CUTSPACING: ( Different Layer Cut Spacing ) Regular Wire of Net n347  ( metal1 )
Bounds : ( 315.300, 355.200 ) ( 315.900, 355.800 )


CUTSPACING: ( Different Layer Cut Spacing ) Regular Wire of Net n348  ( metal1 )
Bounds : ( 322.500, 361.200 ) ( 323.100, 361.800 )


CUTSPACING: ( Different Layer Cut Spacing ) Regular Wire of Net n348  ( metal1 )
Bounds : ( 324.900, 361.200 ) ( 325.500, 361.800 )


CUTSPACING: ( Different Layer Cut Spacing ) Regular Wire of Net n97  ( metal1 )
Bounds : ( 329.700, 358.200 ) ( 330.300, 358.800 )


CUTSPACING: ( Different Layer Cut Spacing ) Regular Wire of Net n31  ( metal1 )
Bounds : ( 329.700, 391.200 ) ( 330.300, 391.800 )


CUTSPACING: ( Different Layer Cut Spacing ) Regular Wire of Net instr[4]  ( metal1 )
Bounds : ( 348.900, 397.200 ) ( 349.500, 397.800 )


CUTSPACING: ( Different Layer Cut Spacing ) Regular Wire of Net instr[4]  ( metal1 )
Bounds : ( 351.300, 355.200 ) ( 351.900, 355.800 )


CUTSPACING: ( Different Layer Cut Spacing ) Regular Wire of Net n87  ( metal1 )
Bounds : ( 365.700, 358.200 ) ( 366.300, 358.800 )


CUTSPACING: ( Different Layer Cut Spacing ) Regular Wire of Net n302  ( metal1 )
Bounds : ( 370.500, 355.200 ) ( 371.100, 355.800 )


CUTSPACING: ( Different Layer Cut Spacing ) Regular Wire of Net n539  ( metal1 )
Bounds : ( 380.100, 358.200 ) ( 380.700, 358.800 )


CUTSPACING: ( Different Layer Cut Spacing ) Regular Wire of Net n60  ( metal1 )
Bounds : ( 382.500, 391.200 ) ( 383.100, 391.800 )


CUTSPACING: ( Different Layer Cut Spacing ) Regular Wire of Net n540  ( metal1 )
Bounds : ( 384.900, 352.200 ) ( 385.500, 352.800 )


CUTSPACING: ( Different Layer Cut Spacing ) Regular Wire of Net n283  ( metal1 )
Bounds : ( 401.700, 394.200 ) ( 402.300, 394.800 )


CUTSPACING: ( Different Layer Cut Spacing ) Regular Wire of Net n33  ( metal1 )
Bounds : ( 404.100, 391.200 ) ( 404.700, 391.800 )


CUTSPACING: ( Different Layer Cut Spacing ) Regular Wire of Net n10  ( metal1 )
Bounds : ( 408.900, 358.200 ) ( 409.500, 358.800 )


CUTSPACING: ( Different Layer Cut Spacing ) Regular Wire of Net n538  ( metal1 )
Bounds : ( 408.900, 394.200 ) ( 409.500, 394.800 )


CUTSPACING: ( Different Layer Cut Spacing ) Regular Wire of Net n538  ( metal1 )
Bounds : ( 411.300, 394.200 ) ( 411.900, 394.800 )


CUTSPACING: ( Different Layer Cut Spacing ) Regular Wire of Net n10  ( metal1 )
Bounds : ( 413.700, 391.200 ) ( 414.300, 391.800 )


CUTSPACING: ( Different Layer Cut Spacing ) Regular Wire of Net n332  ( metal1 )
Bounds : ( 425.700, 358.200 ) ( 426.300, 358.800 )


CUTSPACING: ( Different Layer Cut Spacing ) Regular Wire of Net n302  ( metal1 )
Bounds : ( 365.700, 274.200 ) ( 366.300, 274.800 )


CUTSPACING: ( Different Layer Cut Spacing ) Regular Wire of Net n303  ( metal1 )
Bounds : ( 372.900, 295.200 ) ( 373.500, 295.800 )


CUTSPACING: ( Different Layer Cut Spacing ) Regular Wire of Net n262  ( metal1 )
Bounds : ( 377.700, 295.200 ) ( 378.300, 295.800 )


CUTSPACING: ( Different Layer Cut Spacing ) Regular Wire of Net n540  ( metal1 )
Bounds : ( 384.900, 295.200 ) ( 385.500, 295.800 )


CUTSPACING: ( Different Layer Cut Spacing ) Regular Wire of Net n299  ( metal1 )
Bounds : ( 384.900, 301.200 ) ( 385.500, 301.800 )


CUTSPACING: ( Different Layer Cut Spacing ) Regular Wire of Net n540  ( metal1 )
Bounds : ( 387.300, 295.200 ) ( 387.900, 295.800 )


CUTSPACING: ( Different Layer Cut Spacing ) Regular Wire of Net n227  ( metal1 )
Bounds : ( 387.300, 334.200 ) ( 387.900, 334.800 )


CUTSPACING: ( Different Layer Cut Spacing ) Regular Wire of Net n35  ( metal1 )
Bounds : ( 389.700, 274.200 ) ( 390.300, 274.800 )


CUTSPACING: ( Different Layer Cut Spacing ) Regular Wire of Net n88  ( metal1 )
Bounds : ( 389.700, 331.200 ) ( 390.300, 331.800 )


CUTSPACING: ( Different Layer Cut Spacing ) Regular Wire of Net n299  ( metal1 )
Bounds : ( 392.100, 271.200 ) ( 392.700, 271.800 )


CUTSPACING: ( Different Layer Cut Spacing ) Regular Wire of Net n3 & Regular Wire of Net n262  ( metal1 )
Bounds : ( 401.700, 295.200 ) ( 402.300, 295.800 )


CUTSPACING: ( Different Layer Cut Spacing ) Regular Wire of Net n88  ( metal1 )
Bounds : ( 404.100, 331.200 ) ( 404.700, 331.800 )


CUTSPACING: ( Different Layer Cut Spacing ) Regular Wire of Net n214  ( metal1 )
Bounds : ( 406.500, 295.200 ) ( 407.100, 295.800 )


CUTSPACING: ( Different Layer Cut Spacing ) Regular Wire of Net n10  ( metal1 )
Bounds : ( 411.300, 334.200 ) ( 411.900, 334.800 )


CUTSPACING: ( Different Layer Cut Spacing ) Regular Wire of Net n234  ( metal1 )
Bounds : ( 413.700, 274.200 ) ( 414.300, 274.800 )


CUTSPACING: ( Different Layer Cut Spacing ) Regular Wire of Net n94  ( metal1 )
Bounds : ( 416.100, 277.200 ) ( 416.700, 277.800 )


CUTSPACING: ( Different Layer Cut Spacing ) Regular Wire of Net writedata[0]  ( metal1 )
Bounds : ( 416.100, 295.200 ) ( 416.700, 295.800 )


CUTSPACING: ( Different Layer Cut Spacing ) Regular Wire of Net n30  ( metal1 )
Bounds : ( 423.300, 301.200 ) ( 423.900, 301.800 )


CUTSPACING: ( Different Layer Cut Spacing ) Regular Wire of Net n337  ( metal1 )
Bounds : ( 425.700, 334.200 ) ( 426.300, 334.800 )


CUTSPACING: ( Different Layer Cut Spacing ) Regular Wire of Net n30  ( metal1 )
Bounds : ( 428.100, 331.200 ) ( 428.700, 331.800 )


CUTSPACING: ( Different Layer Cut Spacing ) Regular Wire of Net n55  ( metal1 )
Bounds : ( 432.900, 298.200 ) ( 433.500, 298.800 )


SHORT: ( Cut Short ) Regular Wire of Net n302 & Regular Wire of Net n303  ( metal2 )
Bounds : ( 375.300, 295.200 ) ( 375.900, 295.800 )


SHORT: ( Cut Short ) Regular Wire of Net n227 & Regular Wire of Net n214  ( metal2 )
Bounds : ( 384.900, 334.200 ) ( 385.500, 334.800 )


SHORT: ( Cut Short ) Regular Wire of Net n262 & Regular Wire of Net n3  ( metal2 )
Bounds : ( 401.700, 295.200 ) ( 402.300, 295.800 )


CUTSPACING: ( Different Layer Cut Spacing ) Regular Wire of Net n157  ( metal1 )
Bounds : ( 298.500, 274.200 ) ( 299.100, 274.800 )


CUTSPACING: ( Different Layer Cut Spacing ) Regular Wire of Net n97  ( metal1 )
Bounds : ( 298.500, 334.200 ) ( 299.100, 334.800 )


CUTSPACING: ( Different Layer Cut Spacing ) Regular Wire of Net n595  ( metal1 )
Bounds : ( 305.700, 271.200 ) ( 306.300, 271.800 )


CUTSPACING: ( Different Layer Cut Spacing ) Regular Wire of Net n97  ( metal1 )
Bounds : ( 305.700, 298.200 ) ( 306.300, 298.800 )


CUTSPACING: ( Different Layer Cut Spacing ) Regular Wire of Net n155  ( metal1 )
Bounds : ( 308.100, 274.200 ) ( 308.700, 274.800 )


CUTSPACING: ( Different Layer Cut Spacing ) Regular Wire of Net cont_state[3]  ( metal1 )
Bounds : ( 308.100, 304.200 ) ( 308.700, 304.800 )


CUTSPACING: ( Different Layer Cut Spacing ) Regular Wire of Net n346  ( metal1 )
Bounds : ( 308.100, 331.200 ) ( 308.700, 331.800 )


CUTSPACING: ( Different Layer Cut Spacing ) Regular Wire of Net n95  ( metal1 )
Bounds : ( 310.500, 328.200 ) ( 311.100, 328.800 )


CUTSPACING: ( Different Layer Cut Spacing ) Regular Wire of Net n180  ( metal1 )
Bounds : ( 312.900, 271.200 ) ( 313.500, 271.800 )


CUTSPACING: ( Different Layer Cut Spacing ) Regular Wire of Net n184  ( metal1 )
Bounds : ( 315.300, 274.200 ) ( 315.900, 274.800 )


CUTSPACING: ( Different Layer Cut Spacing ) Regular Wire of Net n196  ( metal1 )
Bounds : ( 317.700, 271.200 ) ( 318.300, 271.800 )


CUTSPACING: ( Different Layer Cut Spacing ) Regular Wire of Net n603  ( metal1 )
Bounds : ( 327.300, 274.200 ) ( 327.900, 274.800 )


CUTSPACING: ( Different Layer Cut Spacing ) Regular Wire of Net n180  ( metal1 )
Bounds : ( 327.300, 331.200 ) ( 327.900, 331.800 )


CUTSPACING: ( Different Layer Cut Spacing ) Regular Wire of Net n214  ( metal1 )
Bounds : ( 329.700, 334.200 ) ( 330.300, 334.800 )


CUTSPACING: ( Different Layer Cut Spacing ) Regular Wire of Net n196  ( metal1 )
Bounds : ( 334.500, 271.200 ) ( 335.100, 271.800 )


CUTSPACING: ( Different Layer Cut Spacing ) Regular Wire of Net n309  ( metal1 )
Bounds : ( 348.900, 334.200 ) ( 349.500, 334.800 )


CUTSPACING: ( Different Layer Cut Spacing ) Regular Wire of Net n359  ( metal1 )
Bounds : ( 351.300, 274.200 ) ( 351.900, 274.800 )


CUTSPACING: ( Different Layer Cut Spacing ) Regular Wire of Net n337  ( metal1 )
Bounds : ( 351.300, 337.200 ) ( 351.900, 337.800 )


CUTSPACING: ( Different Layer Cut Spacing ) Regular Wire of Net n307  ( metal1 )
Bounds : ( 356.100, 295.200 ) ( 356.700, 295.800 )


CUTSPACING: ( Different Layer Cut Spacing ) Regular Wire of Net n302  ( metal1 )
Bounds : ( 358.500, 295.200 ) ( 359.100, 295.800 )


SHORT: ( Cut Short ) Regular Wire of Net n346 & Regular Wire of Net n180  ( metal2 )
Bounds : ( 305.700, 331.200 ) ( 306.300, 331.800 )


CUTSPACING: ( Different Layer Cut Spacing ) Regular Wire of Net n571  ( metal1 )
Bounds : ( 152.100, 511.200 ) ( 152.700, 511.800 )


CUTSPACING: ( Different Layer Cut Spacing ) Regular Wire of Net n49  ( metal1 )
Bounds : ( 180.900, 505.200 ) ( 181.500, 505.800 )


CUTSPACING: ( Different Layer Cut Spacing ) Regular Wire of Net n51  ( metal1 )
Bounds : ( 190.500, 508.200 ) ( 191.100, 508.800 )


CUTSPACING: ( Different Layer Cut Spacing ) Regular Wire of Net n54  ( metal1 )
Bounds : ( 192.900, 511.200 ) ( 193.500, 511.800 )


CUTSPACING: ( Different Layer Cut Spacing ) Regular Wire of Net instr[29]  ( metal1 )
Bounds : ( 228.900, 517.200 ) ( 229.500, 517.800 )


CUTSPACING: ( Different Layer Cut Spacing ) Regular Wire of Net n558  ( metal1 )
Bounds : ( 236.100, 517.200 ) ( 236.700, 517.800 )


CUTSPACING: ( Different Layer Cut Spacing ) Regular Wire of Net n53  ( metal1 )
Bounds : ( 260.100, 514.200 ) ( 260.700, 514.800 )


CUTSPACING: ( Different Layer Cut Spacing ) Regular Wire of Net n559  ( metal1 )
Bounds : ( 262.500, 511.200 ) ( 263.100, 511.800 )


CUTSPACING: ( Different Layer Cut Spacing ) Regular Wire of Net n558  ( metal1 )
Bounds : ( 276.900, 517.200 ) ( 277.500, 517.800 )


CUTSPACING: ( Different Layer Cut Spacing ) Regular Wire of Net n559  ( metal1 )
Bounds : ( 281.700, 511.200 ) ( 282.300, 511.800 )


SHORT: ( Cut Short ) Regular Wire of Net n571 & Regular Wire of Net n181  ( metal2 )
Bounds : ( 149.700, 511.200 ) ( 150.300, 511.800 )


SHORT: ( Cut Short ) Regular Wire of Net n181 & Regular Wire of Net n571  ( metal2 )
Bounds : ( 152.100, 511.200 ) ( 152.700, 511.800 )


CUTSPACING: ( Different Layer Cut Spacing ) Regular Wire of Net n592  ( metal1 )
Bounds : ( 144.900, 418.200 ) ( 145.500, 418.800 )


CUTSPACING: ( Different Layer Cut Spacing ) Regular Wire of Net n92  ( metal1 )
Bounds : ( 147.300, 475.200 ) ( 147.900, 475.800 )


CUTSPACING: ( Different Layer Cut Spacing ) Regular Wire of Net n57  ( metal1 )
Bounds : ( 149.700, 418.200 ) ( 150.300, 418.800 )


CUTSPACING: ( Different Layer Cut Spacing ) Regular Wire of Net n564  ( metal1 )
Bounds : ( 152.100, 415.200 ) ( 152.700, 415.800 )


CUTSPACING: ( Different Layer Cut Spacing ) Regular Wire of Net n592  ( metal1 )
Bounds : ( 159.300, 448.200 ) ( 159.900, 448.800 )


CUTSPACING: ( Different Layer Cut Spacing ) Regular Wire of Net n564  ( metal1 )
Bounds : ( 159.300, 475.200 ) ( 159.900, 475.800 )


CUTSPACING: ( Different Layer Cut Spacing ) Regular Wire of Net n92  ( metal1 )
Bounds : ( 161.700, 475.200 ) ( 162.300, 475.800 )


CUTSPACING: ( Different Layer Cut Spacing ) Regular Wire of Net n353 & Regular Wire of Net cont_nextstate[2]  ( metal1 )
Bounds : ( 166.500, 448.200 ) ( 167.100, 448.800 )


CUTSPACING: ( Different Layer Cut Spacing ) Regular Wire of Net n547  ( metal1 )
Bounds : ( 183.300, 418.200 ) ( 183.900, 418.800 )


CUTSPACING: ( Different Layer Cut Spacing ) Regular Wire of Net n548  ( metal1 )
Bounds : ( 185.700, 415.200 ) ( 186.300, 415.800 )


CUTSPACING: ( Different Layer Cut Spacing ) Regular Wire of Net instr[30]  ( metal1 )
Bounds : ( 188.100, 475.200 ) ( 188.700, 475.800 )


CUTSPACING: ( Different Layer Cut Spacing ) Regular Wire of Net n560  ( metal1 )
Bounds : ( 200.100, 451.200 ) ( 200.700, 451.800 )


CUTSPACING: ( Different Layer Cut Spacing ) Regular Wire of Net n560  ( metal1 )
Bounds : ( 207.300, 451.200 ) ( 207.900, 451.800 )


CUTSPACING: ( Different Layer Cut Spacing ) Regular Wire of Net cont_state[2]  ( metal1 )
Bounds : ( 209.700, 424.200 ) ( 210.300, 424.800 )


CUTSPACING: ( Different Layer Cut Spacing ) Regular Wire of Net n351  ( metal1 )
Bounds : ( 212.100, 421.200 ) ( 212.700, 421.800 )


CUTSPACING: ( Different Layer Cut Spacing ) Regular Wire of Net n549  ( metal1 )
Bounds : ( 212.100, 454.200 ) ( 212.700, 454.800 )


CUTSPACING: ( Different Layer Cut Spacing ) Regular Wire of Net n553  ( metal1 )
Bounds : ( 228.900, 415.200 ) ( 229.500, 415.800 )


CUTSPACING: ( Different Layer Cut Spacing ) Regular Wire of Net n541  ( metal1 )
Bounds : ( 240.900, 454.200 ) ( 241.500, 454.800 )


CUTSPACING: ( Different Layer Cut Spacing ) Regular Wire of Net cont_state[1]  ( metal1 )
Bounds : ( 248.100, 415.200 ) ( 248.700, 415.800 )


CUTSPACING: ( Different Layer Cut Spacing ) Regular Wire of Net instr[29]  ( metal1 )
Bounds : ( 252.900, 484.200 ) ( 253.500, 484.800 )


CUTSPACING: ( Different Layer Cut Spacing ) Regular Wire of Net n555  ( metal1 )
Bounds : ( 260.100, 478.200 ) ( 260.700, 478.800 )


CUTSPACING: ( Different Layer Cut Spacing ) Regular Wire of Net n2 & Regular Wire of Net n555  ( metal1 )
Bounds : ( 267.300, 451.200 ) ( 267.900, 451.800 )


CUTSPACING: ( Different Layer Cut Spacing ) Regular Wire of Net n554  ( metal1 )
Bounds : ( 269.700, 454.200 ) ( 270.300, 454.800 )


CUTSPACING: ( Different Layer Cut Spacing ) Regular Wire of Net n554  ( metal1 )
Bounds : ( 272.100, 454.200 ) ( 272.700, 454.800 )


CUTSPACING: ( Different Layer Cut Spacing ) Regular Wire of Net n551  ( metal1 )
Bounds : ( 276.900, 424.200 ) ( 277.500, 424.800 )


CUTSPACING: ( Different Layer Cut Spacing ) Regular Wire of Net n555  ( metal1 )
Bounds : ( 276.900, 451.200 ) ( 277.500, 451.800 )


CUTSPACING: ( Different Layer Cut Spacing ) Regular Wire of Net cont_nextstate[1]  ( metal1 )
Bounds : ( 279.300, 421.200 ) ( 279.900, 421.800 )


CUTSPACING: ( Different Layer Cut Spacing ) Regular Wire of Net n550  ( metal1 )
Bounds : ( 281.700, 481.200 ) ( 282.300, 481.800 )


SHORT: ( Cut Short ) Regular Wire of Net n564 & Regular Wire of Net n92  ( metal2 )
Bounds : ( 159.300, 475.200 ) ( 159.900, 475.800 )


SHORT: ( Out Of Die ) Regular Wire of Net test_so  ( metal2 )
Bounds : ( 106.350, 540.000 ) ( 107.250, 540.450 )


CUTSPACING: ( Different Layer Cut Spacing ) Regular Wire of Net n354  ( metal1 )
Bounds : ( 65.700, 514.200 ) ( 66.300, 514.800 )


CUTSPACING: ( Different Layer Cut Spacing ) Regular Wire of Net n579  ( metal1 )
Bounds : ( 68.100, 514.200 ) ( 68.700, 514.800 )


CUTSPACING: ( Different Layer Cut Spacing ) Regular Wire of Net n52  ( metal1 )
Bounds : ( 106.500, 511.200 ) ( 107.100, 511.800 )


CUTSPACING: ( Different Layer Cut Spacing ) Regular Wire of Net n52  ( metal1 )
Bounds : ( 118.500, 511.200 ) ( 119.100, 511.800 )


CUTSPACING: ( Different Layer Cut Spacing ) Regular Wire of Net instr[28]  ( metal1 )
Bounds : ( 120.900, 514.200 ) ( 121.500, 514.800 )


SHORT: ( Cut Short ) Regular Wire of Net n579 & Regular Wire of Net n354  ( metal2 )
Bounds : ( 68.100, 514.200 ) ( 68.700, 514.800 )


CUTSPACING: ( Different Layer Cut Spacing ) Regular Wire of Net n582  ( metal1 )
Bounds : ( 72.900, 451.200 ) ( 73.500, 451.800 )


CUTSPACING: ( Different Layer Cut Spacing ) Regular Wire of Net n357  ( metal1 )
Bounds : ( 75.300, 415.200 ) ( 75.900, 415.800 )


CUTSPACING: ( Different Layer Cut Spacing ) Regular Wire of Net n86  ( metal1 )
Bounds : ( 77.700, 418.200 ) ( 78.300, 418.800 )


CUTSPACING: ( Different Layer Cut Spacing ) Regular Wire of Net n91  ( metal1 )
Bounds : ( 89.700, 475.200 ) ( 90.300, 475.800 )


CUTSPACING: ( Different Layer Cut Spacing ) Regular Wire of Net n63  ( metal1 )
Bounds : ( 92.100, 478.200 ) ( 92.700, 478.800 )


CUTSPACING: ( Different Layer Cut Spacing ) Regular Wire of Net n353 & Regular Wire of Net n63  ( metal1 )
Bounds : ( 96.900, 478.200 ) ( 97.500, 478.800 )


CUTSPACING: ( Different Layer Cut Spacing ) Regular Wire of Net n592  ( metal1 )
Bounds : ( 116.100, 478.200 ) ( 116.700, 478.800 )


CUTSPACING: ( Different Layer Cut Spacing ) Regular Wire of Net n592  ( metal1 )
Bounds : ( 118.500, 415.200 ) ( 119.100, 415.800 )


CUTSPACING: ( Different Layer Cut Spacing ) Regular Wire of Net n59  ( metal1 )
Bounds : ( 120.900, 478.200 ) ( 121.500, 478.800 )


CUTSPACING: ( Different Layer Cut Spacing ) Regular Wire of Net n564 & Regular Wire of Net n581  ( metal1 )
Bounds : ( 128.100, 415.200 ) ( 128.700, 415.800 )


CUTSPACING: ( Different Layer Cut Spacing ) Regular Wire of Net n581  ( metal1 )
Bounds : ( 130.500, 415.200 ) ( 131.100, 415.800 )


CUTSPACING: ( Different Layer Cut Spacing ) Regular Wire of Net n592  ( metal1 )
Bounds : ( 132.900, 418.200 ) ( 133.500, 418.800 )


CUTSPACING: ( Different Layer Cut Spacing ) Regular Wire of Net n569  ( metal1 )
Bounds : ( 135.300, 454.200 ) ( 135.900, 454.800 )


CUTSPACING: ( Different Layer Cut Spacing ) Regular Wire of Net n92  ( metal1 )
Bounds : ( 135.300, 475.200 ) ( 135.900, 475.800 )


CUTSPACING: ( Different Layer Cut Spacing ) Regular Wire of Net n58  ( metal1 )
Bounds : ( 142.500, 451.200 ) ( 143.100, 451.800 )


SHORT: ( Out Of Die ) Regular Wire of Net memdata[2]  ( metal2 )
Bounds : ( -0.450, 415.050 ) ( 0.000, 415.950 )


SHORT: ( Out Of Die ) Regular Wire of Net memdata[1]  ( metal2 )
Bounds : ( -0.450, 418.050 ) ( 0.000, 418.950 )


SHORT: ( Out Of Die ) Regular Wire of Net memdata[0]  ( metal2 )
Bounds : ( -0.450, 421.050 ) ( 0.000, 421.950 )


CUTSPACING: ( Different Layer Cut Spacing ) Regular Wire of Net memdata[6]  ( metal1 )
Bounds : ( 24.900, 415.200 ) ( 25.500, 415.800 )


CUTSPACING: ( Different Layer Cut Spacing ) Regular Wire of Net memdata[2] & Regular Wire of Net memdata[5]  ( metal1 )
Bounds : ( 24.900, 454.200 ) ( 25.500, 454.800 )


CUTSPACING: ( Different Layer Cut Spacing ) Regular Wire of Net n571  ( metal1 )
Bounds : ( 27.300, 418.200 ) ( 27.900, 418.800 )


CUTSPACING: ( Different Layer Cut Spacing ) Regular Wire of Net n567  ( metal1 )
Bounds : ( 27.300, 451.200 ) ( 27.900, 451.800 )


CUTSPACING: ( Different Layer Cut Spacing ) Regular Wire of Net memdata[3]  ( metal1 )
Bounds : ( 32.100, 475.200 ) ( 32.700, 475.800 )


CUTSPACING: ( Different Layer Cut Spacing ) Regular Wire of Net n569  ( metal1 )
Bounds : ( 34.500, 478.200 ) ( 35.100, 478.800 )


CUTSPACING: ( Different Layer Cut Spacing ) Regular Wire of Net n69  ( metal1 )
Bounds : ( 39.300, 418.200 ) ( 39.900, 418.800 )


CUTSPACING: ( Different Layer Cut Spacing ) Regular Wire of Net n357 & Regular Wire of Net n86  ( metal1 )
Bounds : ( 41.700, 415.200 ) ( 42.300, 415.800 )


CUTSPACING: ( Different Layer Cut Spacing ) Regular Wire of Net memdata[5]  ( metal1 )
Bounds : ( 41.700, 454.200 ) ( 42.300, 454.800 )


CUTSPACING: ( Different Layer Cut Spacing ) Regular Wire of Net n581  ( metal1 )
Bounds : ( 44.100, 451.200 ) ( 44.700, 451.800 )


CUTSPACING: ( Different Layer Cut Spacing ) Regular Wire of Net n355  ( metal1 )
Bounds : ( 58.500, 454.200 ) ( 59.100, 454.800 )


CUTSPACING: ( Different Layer Cut Spacing ) Regular Wire of Net dp_n16  ( metal1 )
Bounds : ( 63.300, 454.200 ) ( 63.900, 454.800 )


CUTSPACING: ( Different Layer Cut Spacing ) Regular Wire of Net n354  ( metal1 )
Bounds : ( 65.700, 478.200 ) ( 66.300, 478.800 )


CUTSPACING: ( Different Layer Cut Spacing ) Regular Wire of Net n91  ( metal1 )
Bounds : ( 68.100, 475.200 ) ( 68.700, 475.800 )


CUTSPACING: ( Different Layer Cut Spacing ) Regular Wire of Net n582  ( metal1 )
Bounds : ( 70.500, 451.200 ) ( 71.100, 451.800 )


SHORT: ( Cut Short ) Regular Wire of Net memdata[5] & Regular Wire of Net memdata[2]  ( metal2 )
Bounds : ( 24.900, 454.200 ) ( 25.500, 454.800 )


SHORT: ( Cut Short ) Regular Wire of Net n357 & Regular Wire of Net memdata[6]  ( metal2 )
Bounds : ( 34.500, 415.200 ) ( 35.100, 415.800 )


CUTSPACING: ( Different Layer Cut Spacing ) Regular Wire of Net n564  ( metal1 )
Bounds : ( 161.700, 391.200 ) ( 162.300, 391.800 )


CUTSPACING: ( Different Layer Cut Spacing ) Regular Wire of Net n357  ( metal1 )
Bounds : ( 173.700, 391.200 ) ( 174.300, 391.800 )


CUTSPACING: ( Different Layer Cut Spacing ) Regular Wire of Net n190  ( metal1 )
Bounds : ( 185.700, 361.200 ) ( 186.300, 361.800 )


CUTSPACING: ( Different Layer Cut Spacing ) Regular Wire of Net cont_state[0]  ( metal1 )
Bounds : ( 190.500, 358.200 ) ( 191.100, 358.800 )


CUTSPACING: ( Different Layer Cut Spacing ) Regular Wire of Net n98  ( metal1 )
Bounds : ( 200.100, 391.200 ) ( 200.700, 391.800 )


CUTSPACING: ( Different Layer Cut Spacing ) Regular Wire of Net n98  ( metal1 )
Bounds : ( 212.100, 358.200 ) ( 212.700, 358.800 )


CUTSPACING: ( Different Layer Cut Spacing ) Regular Wire of Net cont_state[1]  ( metal1 )
Bounds : ( 231.300, 364.200 ) ( 231.900, 364.800 )


CUTSPACING: ( Different Layer Cut Spacing ) Regular Wire of Net cont_state[3]  ( metal1 )
Bounds : ( 236.100, 361.200 ) ( 236.700, 361.800 )


CUTSPACING: ( Different Layer Cut Spacing ) Regular Wire of Net n344  ( metal1 )
Bounds : ( 236.100, 391.200 ) ( 236.700, 391.800 )


CUTSPACING: ( Different Layer Cut Spacing ) Regular Wire of Net cont_state[3]  ( metal1 )
Bounds : ( 238.500, 358.200 ) ( 239.100, 358.800 )


CUTSPACING: ( Different Layer Cut Spacing ) Regular Wire of Net cont_state[3]  ( metal1 )
Bounds : ( 238.500, 394.200 ) ( 239.100, 394.800 )


CUTSPACING: ( Different Layer Cut Spacing ) Regular Wire of Net n467  ( metal1 )
Bounds : ( 238.500, 412.200 ) ( 239.100, 412.800 )


CUTSPACING: ( Different Layer Cut Spacing ) Regular Wire of Net n97  ( metal1 )
Bounds : ( 243.300, 352.200 ) ( 243.900, 352.800 )


CUTSPACING: ( Different Layer Cut Spacing ) Regular Wire of Net n206  ( metal1 )
Bounds : ( 257.700, 388.200 ) ( 258.300, 388.800 )


CUTSPACING: ( Different Layer Cut Spacing ) Regular Wire of Net n551  ( metal1 )
Bounds : ( 264.900, 391.200 ) ( 265.500, 391.800 )


CUTSPACING: ( Different Layer Cut Spacing ) Regular Wire of Net n97  ( metal1 )
Bounds : ( 267.300, 394.200 ) ( 267.900, 394.800 )


CUTSPACING: ( Different Layer Cut Spacing ) Regular Wire of Net n551 & Regular Wire of Net n358  ( metal1 )
Bounds : ( 269.700, 391.200 ) ( 270.300, 391.800 )


CUTSPACING: ( Different Layer Cut Spacing ) Regular Wire of Net n575  ( metal1 )
Bounds : ( 272.100, 358.200 ) ( 272.700, 358.800 )


CUTSPACING: ( Different Layer Cut Spacing ) Regular Wire of Net cont_state[1]  ( metal1 )
Bounds : ( 279.300, 394.200 ) ( 279.900, 394.800 )


SHORT: ( Cut Short ) Regular Wire of Net n360 & Regular Wire of Net n575  ( metal2 )
Bounds : ( 272.100, 358.200 ) ( 272.700, 358.800 )


CUTSPACING: ( Different Layer Cut Spacing ) Regular Wire of Net clk  ( metal1 )
Bounds : ( 221.700, 337.200 ) ( 222.300, 337.800 )


CUTSPACING: ( Different Layer Cut Spacing ) Regular Wire of Net n370  ( metal1 )
Bounds : ( 231.300, 298.200 ) ( 231.900, 298.800 )


CUTSPACING: ( Different Layer Cut Spacing ) Regular Wire of Net cont_state[3]  ( metal1 )
Bounds : ( 245.700, 325.200 ) ( 246.300, 325.800 )


CUTSPACING: ( Different Layer Cut Spacing ) Regular Wire of Net n596  ( metal1 )
Bounds : ( 250.500, 271.200 ) ( 251.100, 271.800 )


CUTSPACING: ( Different Layer Cut Spacing ) Regular Wire of Net n601  ( metal1 )
Bounds : ( 252.900, 274.200 ) ( 253.500, 274.800 )


CUTSPACING: ( Different Layer Cut Spacing ) Regular Wire of Net n374  ( metal1 )
Bounds : ( 252.900, 292.200 ) ( 253.500, 292.800 )


CUTSPACING: ( Different Layer Cut Spacing ) Regular Wire of Net n370  ( metal1 )
Bounds : ( 252.900, 298.200 ) ( 253.500, 298.800 )


CUTSPACING: ( Different Layer Cut Spacing ) Regular Wire of Net n159  ( metal1 )
Bounds : ( 255.300, 271.200 ) ( 255.900, 271.800 )


CUTSPACING: ( Different Layer Cut Spacing ) Regular Wire of Net n195  ( metal1 )
Bounds : ( 260.100, 271.200 ) ( 260.700, 271.800 )


CUTSPACING: ( Different Layer Cut Spacing ) Regular Wire of Net n188  ( metal1 )
Bounds : ( 262.500, 274.200 ) ( 263.100, 274.800 )


CUTSPACING: ( Different Layer Cut Spacing ) Regular Wire of Net n418  ( metal1 )
Bounds : ( 262.500, 292.200 ) ( 263.100, 292.800 )


CUTSPACING: ( Different Layer Cut Spacing ) Regular Wire of Net n414  ( metal1 )
Bounds : ( 262.500, 298.200 ) ( 263.100, 298.800 )


CUTSPACING: ( Different Layer Cut Spacing ) Regular Wire of Net n166  ( metal1 )
Bounds : ( 276.900, 295.200 ) ( 277.500, 295.800 )


CUTSPACING: ( Different Layer Cut Spacing ) Regular Wire of Net n418  ( metal1 )
Bounds : ( 284.100, 274.200 ) ( 284.700, 274.800 )


CUTSPACING: ( Different Layer Cut Spacing ) Regular Wire of Net n595  ( metal1 )
Bounds : ( 286.500, 271.200 ) ( 287.100, 271.800 )


CUTSPACING: ( Different Layer Cut Spacing ) Regular Wire of Net n164  ( metal1 )
Bounds : ( 286.500, 295.200 ) ( 287.100, 295.800 )


CUTSPACING: ( Different Layer Cut Spacing ) Regular Wire of Net dp_n12  ( metal1 )
Bounds : ( 147.300, 274.200 ) ( 147.900, 274.800 )


CUTSPACING: ( Different Layer Cut Spacing ) Regular Wire of Net n602  ( metal1 )
Bounds : ( 154.500, 274.200 ) ( 155.100, 274.800 )


CUTSPACING: ( Different Layer Cut Spacing ) Regular Wire of Net n575  ( metal1 )
Bounds : ( 154.500, 331.200 ) ( 155.100, 331.800 )


CUTSPACING: ( Different Layer Cut Spacing ) Regular Wire of Net n167  ( metal1 )
Bounds : ( 156.900, 271.200 ) ( 157.500, 271.800 )


CUTSPACING: ( Different Layer Cut Spacing ) Regular Wire of Net n196  ( metal1 )
Bounds : ( 168.900, 271.200 ) ( 169.500, 271.800 )


CUTSPACING: ( Different Layer Cut Spacing ) Regular Wire of Net clk  ( metal1 )
Bounds : ( 168.900, 337.200 ) ( 169.500, 337.800 )


CUTSPACING: ( Different Layer Cut Spacing ) Regular Wire of Net n169  ( metal1 )
Bounds : ( 176.100, 295.200 ) ( 176.700, 295.800 )


CUTSPACING: ( Different Layer Cut Spacing ) Regular Wire of Net n169  ( metal1 )
Bounds : ( 178.500, 274.200 ) ( 179.100, 274.800 )


CUTSPACING: ( Different Layer Cut Spacing ) Regular Wire of Net n365  ( metal1 )
Bounds : ( 178.500, 298.200 ) ( 179.100, 298.800 )


CUTSPACING: ( Different Layer Cut Spacing ) Regular Wire of Net n167 & Regular Wire of Net n417  ( metal1 )
Bounds : ( 183.300, 274.200 ) ( 183.900, 274.800 )


CUTSPACING: ( Different Layer Cut Spacing ) Regular Wire of Net n167  ( metal1 )
Bounds : ( 185.700, 295.200 ) ( 186.300, 295.800 )


CUTSPACING: ( Different Layer Cut Spacing ) Regular Wire of Net n167  ( metal1 )
Bounds : ( 188.100, 274.200 ) ( 188.700, 274.800 )


CUTSPACING: ( Different Layer Cut Spacing ) Regular Wire of Net n373  ( metal1 )
Bounds : ( 195.300, 298.200 ) ( 195.900, 298.800 )


CUTSPACING: ( Different Layer Cut Spacing ) Regular Wire of Net n163 & Regular Wire of Net n165  ( metal1 )
Bounds : ( 202.500, 295.200 ) ( 203.100, 295.800 )


CUTSPACING: ( Different Layer Cut Spacing ) Regular Wire of Net n575  ( metal1 )
Bounds : ( 207.300, 331.200 ) ( 207.900, 331.800 )


CUTSPACING: ( Different Layer Cut Spacing ) Regular Wire of Net n163  ( metal1 )
Bounds : ( 212.100, 295.200 ) ( 212.700, 295.800 )


SHORT: ( Cut Short ) Regular Wire of Net n373 & Regular Wire of Net n365  ( metal2 )
Bounds : ( 180.900, 298.200 ) ( 181.500, 298.800 )


SHORT: ( Out Of Die ) Regular Wire of Net memdata[7]  ( metal2 )
Bounds : ( -0.450, 400.050 ) ( 0.000, 400.950 )


SHORT: ( Out Of Die ) Regular Wire of Net memdata[6]  ( metal2 )
Bounds : ( -0.450, 403.050 ) ( 0.000, 403.950 )


SHORT: ( Out Of Die ) Regular Wire of Net memdata[5]  ( metal2 )
Bounds : ( -0.450, 406.050 ) ( 0.000, 406.950 )


SHORT: ( Out Of Die ) Regular Wire of Net memdata[4]  ( metal2 )
Bounds : ( -0.450, 409.050 ) ( 0.000, 409.950 )


SHORT: ( Out Of Die ) Regular Wire of Net memdata[3]  ( metal2 )
Bounds : ( -0.450, 412.050 ) ( 0.000, 412.950 )


CUTSPACING: ( Different Layer Cut Spacing ) Regular Wire of Net memdata[1]  ( metal1 )
Bounds : ( 20.100, 355.200 ) ( 20.700, 355.800 )


CUTSPACING: ( Different Layer Cut Spacing ) Regular Wire of Net n565  ( metal1 )
Bounds : ( 22.500, 358.200 ) ( 23.100, 358.800 )


CUTSPACING: ( Different Layer Cut Spacing ) Regular Wire of Net memdata[7]  ( metal1 )
Bounds : ( 24.900, 394.200 ) ( 25.500, 394.800 )


CUTSPACING: ( Different Layer Cut Spacing ) Regular Wire of Net n573  ( metal1 )
Bounds : ( 27.300, 391.200 ) ( 27.900, 391.800 )


CUTSPACING: ( Different Layer Cut Spacing ) Regular Wire of Net n69  ( metal1 )
Bounds : ( 41.700, 358.200 ) ( 42.300, 358.800 )


CUTSPACING: ( Different Layer Cut Spacing ) Regular Wire of Net dp_n13  ( metal1 )
Bounds : ( 44.100, 355.200 ) ( 44.700, 355.800 )


CUTSPACING: ( Different Layer Cut Spacing ) Regular Wire of Net dp_n14 & Regular Wire of Net dp_n17  ( metal1 )
Bounds : ( 63.300, 355.200 ) ( 63.900, 355.800 )


CUTSPACING: ( Different Layer Cut Spacing ) Regular Wire of Net n200  ( metal1 )
Bounds : ( 65.700, 358.200 ) ( 66.300, 358.800 )


CUTSPACING: ( Different Layer Cut Spacing ) Regular Wire of Net dp_n16  ( metal1 )
Bounds : ( 65.700, 394.200 ) ( 66.300, 394.800 )


CUTSPACING: ( Different Layer Cut Spacing ) Regular Wire of Net dp_n14  ( metal1 )
Bounds : ( 68.100, 355.200 ) ( 68.700, 355.800 )


CUTSPACING: ( Different Layer Cut Spacing ) Regular Wire of Net n204  ( metal1 )
Bounds : ( 70.500, 358.200 ) ( 71.100, 358.800 )


CUTSPACING: ( Different Layer Cut Spacing ) Regular Wire of Net n47  ( metal1 )
Bounds : ( 92.100, 391.200 ) ( 92.700, 391.800 )


CUTSPACING: ( Different Layer Cut Spacing ) Regular Wire of Net n199  ( metal1 )
Bounds : ( 94.500, 355.200 ) ( 95.100, 355.800 )


CUTSPACING: ( Different Layer Cut Spacing ) Regular Wire of Net n199  ( metal1 )
Bounds : ( 96.900, 391.200 ) ( 97.500, 391.800 )


CUTSPACING: ( Different Layer Cut Spacing ) Regular Wire of Net n199 & Regular Wire of Net n204  ( metal1 )
Bounds : ( 101.700, 391.200 ) ( 102.300, 391.800 )


CUTSPACING: ( Different Layer Cut Spacing ) Regular Wire of Net n202  ( metal1 )
Bounds : ( 111.300, 352.200 ) ( 111.900, 352.800 )


CUTSPACING: ( Different Layer Cut Spacing ) Regular Wire of Net n200 & Regular Wire of Net n198  ( metal1 )
Bounds : ( 111.300, 358.200 ) ( 111.900, 358.800 )


CUTSPACING: ( Different Layer Cut Spacing ) Regular Wire of Net n589  ( metal1 )
Bounds : ( 118.500, 394.200 ) ( 119.100, 394.800 )


CUTSPACING: ( Different Layer Cut Spacing ) Regular Wire of Net n590  ( metal1 )
Bounds : ( 120.900, 391.200 ) ( 121.500, 391.800 )


CUTSPACING: ( Different Layer Cut Spacing ) Regular Wire of Net n592  ( metal1 )
Bounds : ( 135.300, 394.200 ) ( 135.900, 394.800 )


CUTSPACING: ( Different Layer Cut Spacing ) Regular Wire of Net n56  ( metal1 )
Bounds : ( 142.500, 391.200 ) ( 143.100, 391.800 )


SHORT: ( Cut Short ) Regular Wire of Net n198 & Regular Wire of Net n200  ( metal2 )
Bounds : ( 111.300, 358.200 ) ( 111.900, 358.800 )


CUTSPACING: ( Different Layer Cut Spacing ) Regular Wire of Net n583  ( metal1 )
Bounds : ( 72.900, 295.200 ) ( 73.500, 295.800 )


CUTSPACING: ( Different Layer Cut Spacing ) Regular Wire of Net n586  ( metal1 )
Bounds : ( 75.300, 274.200 ) ( 75.900, 274.800 )


CUTSPACING: ( Different Layer Cut Spacing ) Regular Wire of Net n584  ( metal1 )
Bounds : ( 75.300, 334.200 ) ( 75.900, 334.800 )


CUTSPACING: ( Different Layer Cut Spacing ) Regular Wire of Net n595  ( metal1 )
Bounds : ( 77.700, 271.200 ) ( 78.300, 271.800 )


CUTSPACING: ( Different Layer Cut Spacing ) Regular Wire of Net n598  ( metal1 )
Bounds : ( 77.700, 331.200 ) ( 78.300, 331.800 )


CUTSPACING: ( Different Layer Cut Spacing ) Regular Wire of Net n594  ( metal1 )
Bounds : ( 80.100, 298.200 ) ( 80.700, 298.800 )


CUTSPACING: ( Different Layer Cut Spacing ) Regular Wire of Net n156  ( metal1 )
Bounds : ( 89.700, 274.200 ) ( 90.300, 274.800 )


CUTSPACING: ( Different Layer Cut Spacing ) Regular Wire of Net n594  ( metal1 )
Bounds : ( 92.100, 271.200 ) ( 92.700, 271.800 )


CUTSPACING: ( Different Layer Cut Spacing ) Regular Wire of Net n187 & Regular Wire of Net n45  ( metal1 )
Bounds : ( 92.100, 328.200 ) ( 92.700, 328.800 )


CUTSPACING: ( Different Layer Cut Spacing ) Regular Wire of Net n421  ( metal1 )
Bounds : ( 94.500, 274.200 ) ( 95.100, 274.800 )


CUTSPACING: ( Different Layer Cut Spacing ) Regular Wire of Net n203  ( metal1 )
Bounds : ( 94.500, 325.200 ) ( 95.100, 325.800 )


CUTSPACING: ( Different Layer Cut Spacing ) Regular Wire of Net n595  ( metal1 )
Bounds : ( 96.900, 271.200 ) ( 97.500, 271.800 )


CUTSPACING: ( Different Layer Cut Spacing ) Regular Wire of Net n189  ( metal1 )
Bounds : ( 96.900, 301.200 ) ( 97.500, 301.800 )


CUTSPACING: ( Different Layer Cut Spacing ) Regular Wire of Net n42  ( metal1 )
Bounds : ( 96.900, 331.200 ) ( 97.500, 331.800 )


CUTSPACING: ( Different Layer Cut Spacing ) Regular Wire of Net n154  ( metal1 )
Bounds : ( 99.300, 274.200 ) ( 99.900, 274.800 )


CUTSPACING: ( Different Layer Cut Spacing ) Regular Wire of Net n45  ( metal1 )
Bounds : ( 99.300, 328.200 ) ( 99.900, 328.800 )


CUTSPACING: ( Different Layer Cut Spacing ) Regular Wire of Net n421  ( metal1 )
Bounds : ( 101.700, 274.200 ) ( 102.300, 274.800 )


CUTSPACING: ( Different Layer Cut Spacing ) Regular Wire of Net n422  ( metal1 )
Bounds : ( 104.100, 271.200 ) ( 104.700, 271.800 )


CUTSPACING: ( Different Layer Cut Spacing ) Regular Wire of Net n198  ( metal1 )
Bounds : ( 108.900, 301.200 ) ( 109.500, 301.800 )


CUTSPACING: ( Different Layer Cut Spacing ) Regular Wire of Net n42  ( metal1 )
Bounds : ( 113.700, 331.200 ) ( 114.300, 331.800 )


CUTSPACING: ( Different Layer Cut Spacing ) Regular Wire of Net n185  ( metal1 )
Bounds : ( 116.100, 301.200 ) ( 116.700, 301.800 )


CUTSPACING: ( Different Layer Cut Spacing ) Regular Wire of Net n42  ( metal1 )
Bounds : ( 120.900, 298.200 ) ( 121.500, 298.800 )


CUTSPACING: ( Different Layer Cut Spacing ) Regular Wire of Net n198  ( metal1 )
Bounds : ( 123.300, 304.200 ) ( 123.900, 304.800 )


CUTSPACING: ( Different Layer Cut Spacing ) Regular Wire of Net n200 & Regular Wire of Net n575  ( metal1 )
Bounds : ( 140.100, 325.200 ) ( 140.700, 325.800 )


CUTSPACING: ( Different Layer Cut Spacing ) Regular Wire of Net n186  ( metal1 )
Bounds : ( 142.500, 328.200 ) ( 143.100, 328.800 )


SHORT: ( Cut Short ) Regular Wire of Net n187 & Regular Wire of Net n45  ( metal2 )
Bounds : ( 92.100, 328.200 ) ( 92.700, 328.800 )


CUTSPACING: ( Different Layer Cut Spacing ) Regular Wire of Net n366  ( metal1 )
Bounds : ( 24.900, 298.200 ) ( 25.500, 298.800 )


CUTSPACING: ( Different Layer Cut Spacing ) Regular Wire of Net dp_n14  ( metal1 )
Bounds : ( 24.900, 334.200 ) ( 25.500, 334.800 )


CUTSPACING: ( Different Layer Cut Spacing ) Regular Wire of Net n69  ( metal1 )
Bounds : ( 27.300, 301.200 ) ( 27.900, 301.800 )


CUTSPACING: ( Different Layer Cut Spacing ) Regular Wire of Net n67  ( metal1 )
Bounds : ( 27.300, 331.200 ) ( 27.900, 331.800 )


CUTSPACING: ( Different Layer Cut Spacing ) Regular Wire of Net dp_n11  ( metal1 )
Bounds : ( 41.700, 295.200 ) ( 42.300, 295.800 )


CUTSPACING: ( Different Layer Cut Spacing ) Regular Wire of Net dp_n10  ( metal1 )
Bounds : ( 46.500, 295.200 ) ( 47.100, 295.800 )


CUTSPACING: ( Different Layer Cut Spacing ) Regular Wire of Net dp_n10  ( metal1 )
Bounds : ( 46.500, 334.200 ) ( 47.100, 334.800 )


CUTSPACING: ( Different Layer Cut Spacing ) Regular Wire of Net n410  ( metal1 )
Bounds : ( 48.900, 271.200 ) ( 49.500, 271.800 )


CUTSPACING: ( Different Layer Cut Spacing ) Regular Wire of Net n73  ( metal1 )
Bounds : ( 48.900, 331.200 ) ( 49.500, 331.800 )


CUTSPACING: ( Different Layer Cut Spacing ) Regular Wire of Net n586  ( metal1 )
Bounds : ( 53.700, 298.200 ) ( 54.300, 298.800 )


CUTSPACING: ( Different Layer Cut Spacing ) Regular Wire of Net n67  ( metal1 )
Bounds : ( 53.700, 331.200 ) ( 54.300, 331.800 )


CUTSPACING: ( Different Layer Cut Spacing ) Regular Wire of Net n409  ( metal1 )
Bounds : ( 56.100, 271.200 ) ( 56.700, 271.800 )


CUTSPACING: ( Different Layer Cut Spacing ) Regular Wire of Net dp_n10  ( metal1 )
Bounds : ( 56.100, 295.200 ) ( 56.700, 295.800 )


CUTSPACING: ( Different Layer Cut Spacing ) Regular Wire of Net n583  ( metal1 )
Bounds : ( 58.500, 331.200 ) ( 59.100, 331.800 )


CUTSPACING: ( Different Layer Cut Spacing ) Regular Wire of Net dp_n14 & Regular Wire of Net dp_n13  ( metal1 )
Bounds : ( 60.900, 334.200 ) ( 61.500, 334.800 )


CUTSPACING: ( Different Layer Cut Spacing ) Regular Wire of Net dp_n14  ( metal1 )
Bounds : ( 63.300, 331.200 ) ( 63.900, 331.800 )


SHORT: ( Cut Short ) Regular Wire of Net dp_n10 & Regular Wire of Net dp_n11  ( metal2 )
Bounds : ( 46.500, 295.200 ) ( 47.100, 295.800 )


SHORT: ( Cut Short ) Regular Wire of Net dp_n11 & Regular Wire of Net dp_n10  ( metal2 )
Bounds : ( 48.900, 295.200 ) ( 49.500, 295.800 )


SHORT: ( Cut Short ) Regular Wire of Net dp_n14 & Regular Wire of Net dp_n13  ( metal2 )
Bounds : ( 60.900, 334.200 ) ( 61.500, 334.800 )


CUTSPACING: ( Different Layer Cut Spacing ) Regular Wire of Net cont_state[2]  ( metal1 )
Bounds : ( 288.900, 385.200 ) ( 289.500, 385.800 )


CUTSPACING: ( Different Layer Cut Spacing ) Regular Wire of Net n238  ( metal1 )
Bounds : ( 507.300, 208.200 ) ( 507.900, 208.800 )


CUTSPACING: ( Different Layer Cut Spacing ) Regular Wire of Net n534 & Regular Wire of Net n244  ( metal1 )
Bounds : ( 507.300, 214.200 ) ( 507.900, 214.800 )


CUTSPACING: ( Different Layer Cut Spacing ) Regular Wire of Net n242  ( metal1 )
Bounds : ( 507.300, 235.200 ) ( 507.900, 235.800 )


CUTSPACING: ( Different Layer Cut Spacing ) Regular Wire of Net n238  ( metal1 )
Bounds : ( 509.700, 238.200 ) ( 510.300, 238.800 )


CUTSPACING: ( Different Layer Cut Spacing ) Regular Wire of Net n237  ( metal1 )
Bounds : ( 512.100, 211.200 ) ( 512.700, 211.800 )


CUTSPACING: ( Different Layer Cut Spacing ) Regular Wire of Net n237  ( metal1 )
Bounds : ( 512.100, 268.200 ) ( 512.700, 268.800 )


CUTSPACING: ( Different Layer Cut Spacing ) Regular Wire of Net n79  ( metal1 )
Bounds : ( 514.500, 214.200 ) ( 515.100, 214.800 )


CUTSPACING: ( Different Layer Cut Spacing ) Regular Wire of Net n239  ( metal1 )
Bounds : ( 514.500, 238.200 ) ( 515.100, 238.800 )


CUTSPACING: ( Different Layer Cut Spacing ) Regular Wire of Net n244  ( metal1 )
Bounds : ( 521.700, 214.200 ) ( 522.300, 214.800 )


CUTSPACING: ( Different Layer Cut Spacing ) Regular Wire of Net n261  ( metal1 )
Bounds : ( 526.500, 235.200 ) ( 527.100, 235.800 )


CUTSPACING: ( Different Layer Cut Spacing ) Regular Wire of Net n243  ( metal1 )
Bounds : ( 533.700, 238.200 ) ( 534.300, 238.800 )


CUTSPACING: ( Different Layer Cut Spacing ) Regular Wire of Net n243  ( metal1 )
Bounds : ( 536.100, 214.200 ) ( 536.700, 214.800 )


CUTSPACING: ( Different Layer Cut Spacing ) Regular Wire of Net n77 & Regular Wire of Net n240  ( metal1 )
Bounds : ( 540.900, 235.200 ) ( 541.500, 235.800 )


CUTSPACING: ( Different Layer Cut Spacing ) Regular Wire of Net n77  ( metal1 )
Bounds : ( 543.300, 235.200 ) ( 543.900, 235.800 )


CUTSPACING: ( Different Layer Cut Spacing ) Regular Wire of Net n77  ( metal1 )
Bounds : ( 550.500, 211.200 ) ( 551.100, 211.800 )


CUTSPACING: ( Different Layer Cut Spacing ) Regular Wire of Net n252  ( metal1 )
Bounds : ( 550.500, 238.200 ) ( 551.100, 238.800 )


CUTSPACING: ( Different Layer Cut Spacing ) Regular Wire of Net n328  ( metal1 )
Bounds : ( 552.900, 214.200 ) ( 553.500, 214.800 )


CUTSPACING: ( Different Layer Cut Spacing ) Regular Wire of Net n254  ( metal1 )
Bounds : ( 555.300, 268.200 ) ( 555.900, 268.800 )


CUTSPACING: ( Different Layer Cut Spacing ) Regular Wire of Net n207  ( metal1 )
Bounds : ( 437.700, 211.200 ) ( 438.300, 211.800 )


CUTSPACING: ( Different Layer Cut Spacing ) Regular Wire of Net n533  ( metal1 )
Bounds : ( 449.700, 241.200 ) ( 450.300, 241.800 )


CUTSPACING: ( Different Layer Cut Spacing ) Regular Wire of Net n233  ( metal1 )
Bounds : ( 452.100, 208.200 ) ( 452.700, 208.800 )


CUTSPACING: ( Different Layer Cut Spacing ) Regular Wire of Net n257  ( metal1 )
Bounds : ( 452.100, 244.200 ) ( 452.700, 244.800 )


CUTSPACING: ( Different Layer Cut Spacing ) Regular Wire of Net n256  ( metal1 )
Bounds : ( 454.500, 238.200 ) ( 455.100, 238.800 )


CUTSPACING: ( Different Layer Cut Spacing ) Regular Wire of Net n5  ( metal1 )
Bounds : ( 456.900, 211.200 ) ( 457.500, 211.800 )


CUTSPACING: ( Different Layer Cut Spacing ) Regular Wire of Net n255  ( metal1 )
Bounds : ( 456.900, 241.200 ) ( 457.500, 241.800 )


CUTSPACING: ( Different Layer Cut Spacing ) Regular Wire of Net n34  ( metal1 )
Bounds : ( 456.900, 268.200 ) ( 457.500, 268.800 )


CUTSPACING: ( Different Layer Cut Spacing ) Regular Wire of Net n255 & Regular Wire of Net n256  ( metal1 )
Bounds : ( 459.300, 241.200 ) ( 459.900, 241.800 )


CUTSPACING: ( Different Layer Cut Spacing ) Regular Wire of Net n35  ( metal1 )
Bounds : ( 461.700, 244.200 ) ( 462.300, 244.800 )


CUTSPACING: ( Different Layer Cut Spacing ) Regular Wire of Net n534 & Regular Wire of Net n236  ( metal1 )
Bounds : ( 473.700, 214.200 ) ( 474.300, 214.800 )


CUTSPACING: ( Different Layer Cut Spacing ) Regular Wire of Net n261 & Regular Wire of Net n263  ( metal1 )
Bounds : ( 473.700, 235.200 ) ( 474.300, 235.800 )


CUTSPACING: ( Different Layer Cut Spacing ) Regular Wire of Net n534 & Regular Wire of Net n261  ( metal1 )
Bounds : ( 476.100, 211.200 ) ( 476.700, 211.800 )


CUTSPACING: ( Different Layer Cut Spacing ) Regular Wire of Net n335  ( metal1 )
Bounds : ( 480.900, 238.200 ) ( 481.500, 238.800 )


CUTSPACING: ( Different Layer Cut Spacing ) Regular Wire of Net n335  ( metal1 )
Bounds : ( 488.100, 214.200 ) ( 488.700, 214.800 )


CUTSPACING: ( Different Layer Cut Spacing ) Regular Wire of Net n261  ( metal1 )
Bounds : ( 488.100, 235.200 ) ( 488.700, 235.800 )


CUTSPACING: ( Different Layer Cut Spacing ) Regular Wire of Net n29  ( metal1 )
Bounds : ( 490.500, 211.200 ) ( 491.100, 211.800 )


CUTSPACING: ( Different Layer Cut Spacing ) Regular Wire of Net n335  ( metal1 )
Bounds : ( 492.900, 214.200 ) ( 493.500, 214.800 )


CUTSPACING: ( Different Layer Cut Spacing ) Regular Wire of Net n238 & Regular Wire of Net n241  ( metal1 )
Bounds : ( 504.900, 238.200 ) ( 505.500, 238.800 )


CUTSPACING: ( Different Layer Cut Spacing ) Regular Wire of Net n533  ( metal1 )
Bounds : ( 449.700, 175.200 ) ( 450.300, 175.800 )


CUTSPACING: ( Different Layer Cut Spacing ) Regular Wire of Net n88  ( metal1 )
Bounds : ( 452.100, 151.200 ) ( 452.700, 151.800 )


CUTSPACING: ( Different Layer Cut Spacing ) Regular Wire of Net n5  ( metal1 )
Bounds : ( 452.100, 178.200 ) ( 452.700, 178.800 )


CUTSPACING: ( Different Layer Cut Spacing ) Regular Wire of Net n533  ( metal1 )
Bounds : ( 454.500, 154.200 ) ( 455.100, 154.800 )


CUTSPACING: ( Different Layer Cut Spacing ) Regular Wire of Net n208  ( metal1 )
Bounds : ( 456.900, 151.200 ) ( 457.500, 151.800 )


CUTSPACING: ( Different Layer Cut Spacing ) Regular Wire of Net n29  ( metal1 )
Bounds : ( 459.300, 175.200 ) ( 459.900, 175.800 )


CUTSPACING: ( Different Layer Cut Spacing ) Regular Wire of Net n259  ( metal1 )
Bounds : ( 466.500, 178.200 ) ( 467.100, 178.800 )


CUTSPACING: ( Different Layer Cut Spacing ) Regular Wire of Net n88  ( metal1 )
Bounds : ( 471.300, 151.200 ) ( 471.900, 151.800 )


CUTSPACING: ( Different Layer Cut Spacing ) Regular Wire of Net n260  ( metal1 )
Bounds : ( 473.700, 175.200 ) ( 474.300, 175.800 )


CUTSPACING: ( Different Layer Cut Spacing ) Regular Wire of Net n210  ( metal1 )
Bounds : ( 476.100, 151.200 ) ( 476.700, 151.800 )


CUTSPACING: ( Different Layer Cut Spacing ) Regular Wire of Net n29 & Regular Wire of Net n78  ( metal1 )
Bounds : ( 492.900, 175.200 ) ( 493.500, 175.800 )


CUTSPACING: ( Different Layer Cut Spacing ) Regular Wire of Net n29  ( metal1 )
Bounds : ( 495.300, 178.200 ) ( 495.900, 178.800 )


CUTSPACING: ( Different Layer Cut Spacing ) Regular Wire of Net n330  ( metal1 )
Bounds : ( 500.100, 175.200 ) ( 500.700, 175.800 )


CUTSPACING: ( Different Layer Cut Spacing ) Regular Wire of Net n79  ( metal1 )
Bounds : ( 519.300, 151.200 ) ( 519.900, 151.800 )


CUTSPACING: ( Different Layer Cut Spacing ) Regular Wire of Net n244  ( metal1 )
Bounds : ( 519.300, 178.200 ) ( 519.900, 178.800 )


CUTSPACING: ( Different Layer Cut Spacing ) Regular Wire of Net n28  ( metal1 )
Bounds : ( 526.500, 175.200 ) ( 527.100, 175.800 )


CUTSPACING: ( Different Layer Cut Spacing ) Regular Wire of Net n310  ( metal1 )
Bounds : ( 528.900, 148.200 ) ( 529.500, 148.800 )


CUTSPACING: ( Different Layer Cut Spacing ) Regular Wire of Net n330  ( metal1 )
Bounds : ( 528.900, 175.200 ) ( 529.500, 175.800 )


CUTSPACING: ( Different Layer Cut Spacing ) Regular Wire of Net n329  ( metal1 )
Bounds : ( 531.300, 154.200 ) ( 531.900, 154.800 )


CUTSPACING: ( Different Layer Cut Spacing ) Regular Wire of Net n243  ( metal1 )
Bounds : ( 538.500, 154.200 ) ( 539.100, 154.800 )


CUTSPACING: ( Different Layer Cut Spacing ) Regular Wire of Net n28  ( metal1 )
Bounds : ( 548.100, 175.200 ) ( 548.700, 175.800 )


CUTSPACING: ( Different Layer Cut Spacing ) Regular Wire of Net n243  ( metal1 )
Bounds : ( 550.500, 154.200 ) ( 551.100, 154.800 )


CUTSPACING: ( Different Layer Cut Spacing ) Regular Wire of Net n19  ( metal1 )
Bounds : ( 550.500, 178.200 ) ( 551.100, 178.800 )


CUTSPACING: ( Different Layer Cut Spacing ) Regular Wire of Net n254  ( metal1 )
Bounds : ( 555.300, 175.200 ) ( 555.900, 175.800 )


CUTSPACING: ( Different Layer Cut Spacing ) Regular Wire of Net n329  ( metal1 )
Bounds : ( 555.300, 181.200 ) ( 555.900, 181.800 )


CUTSPACING: ( Different Layer Cut Spacing ) Regular Wire of Net n303  ( metal1 )
Bounds : ( 365.700, 235.200 ) ( 366.300, 235.800 )


CUTSPACING: ( Different Layer Cut Spacing ) Regular Wire of Net n310  ( metal1 )
Bounds : ( 368.100, 208.200 ) ( 368.700, 208.800 )


CUTSPACING: ( Different Layer Cut Spacing ) Regular Wire of Net n83  ( metal1 )
Bounds : ( 368.100, 238.200 ) ( 368.700, 238.800 )


CUTSPACING: ( Different Layer Cut Spacing ) Regular Wire of Net n350  ( metal1 )
Bounds : ( 370.500, 208.200 ) ( 371.100, 208.800 )


CUTSPACING: ( Different Layer Cut Spacing ) Regular Wire of Net n314  ( metal1 )
Bounds : ( 370.500, 214.200 ) ( 371.100, 214.800 )


CUTSPACING: ( Different Layer Cut Spacing ) Regular Wire of Net n161  ( metal1 )
Bounds : ( 375.300, 211.200 ) ( 375.900, 211.800 )


CUTSPACING: ( Different Layer Cut Spacing ) Regular Wire of Net n310  ( metal1 )
Bounds : ( 387.300, 208.200 ) ( 387.900, 208.800 )


CUTSPACING: ( Different Layer Cut Spacing ) Regular Wire of Net n311  ( metal1 )
Bounds : ( 389.700, 208.200 ) ( 390.300, 208.800 )


CUTSPACING: ( Different Layer Cut Spacing ) Regular Wire of Net n300  ( metal1 )
Bounds : ( 389.700, 235.200 ) ( 390.300, 235.800 )


CUTSPACING: ( Different Layer Cut Spacing ) Regular Wire of Net n26  ( metal1 )
Bounds : ( 392.100, 238.200 ) ( 392.700, 238.800 )


CUTSPACING: ( Different Layer Cut Spacing ) Regular Wire of Net n207 & Regular Wire of Net n170  ( metal1 )
Bounds : ( 394.500, 211.200 ) ( 395.100, 211.800 )


CUTSPACING: ( Different Layer Cut Spacing ) Regular Wire of Net n301  ( metal1 )
Bounds : ( 396.900, 238.200 ) ( 397.500, 238.800 )


CUTSPACING: ( Different Layer Cut Spacing ) Regular Wire of Net n26  ( metal1 )
Bounds : ( 399.300, 241.200 ) ( 399.900, 241.800 )


CUTSPACING: ( Different Layer Cut Spacing ) Regular Wire of Net n233  ( metal1 )
Bounds : ( 416.100, 238.200 ) ( 416.700, 238.800 )


CUTSPACING: ( Different Layer Cut Spacing ) Regular Wire of Net n207  ( metal1 )
Bounds : ( 418.500, 211.200 ) ( 419.100, 211.800 )


CUTSPACING: ( Different Layer Cut Spacing ) Regular Wire of Net n170  ( metal1 )
Bounds : ( 420.900, 214.200 ) ( 421.500, 214.800 )


CUTSPACING: ( Different Layer Cut Spacing ) Regular Wire of Net n231  ( metal1 )
Bounds : ( 420.900, 235.200 ) ( 421.500, 235.800 )


CUTSPACING: ( Different Layer Cut Spacing ) Regular Wire of Net n234  ( metal1 )
Bounds : ( 420.900, 241.200 ) ( 421.500, 241.800 )


CUTSPACING: ( Different Layer Cut Spacing ) Regular Wire of Net n209  ( metal1 )
Bounds : ( 425.700, 211.200 ) ( 426.300, 211.800 )


CUTSPACING: ( Different Layer Cut Spacing ) Regular Wire of Net n575  ( metal1 )
Bounds : ( 425.700, 235.200 ) ( 426.300, 235.800 )


CUTSPACING: ( Different Layer Cut Spacing ) Regular Wire of Net n576  ( metal1 )
Bounds : ( 428.100, 238.200 ) ( 428.700, 238.800 )


CUTSPACING: ( Different Layer Cut Spacing ) Regular Wire of Net n231  ( metal1 )
Bounds : ( 430.500, 217.200 ) ( 431.100, 217.800 )


CUTSPACING: ( Different Layer Cut Spacing ) Regular Wire of Net n576  ( metal1 )
Bounds : ( 432.900, 214.200 ) ( 433.500, 214.800 )


SHORT: ( Cut Short ) Regular Wire of Net n301 & Regular Wire of Net n83  ( metal2 )
Bounds : ( 394.500, 238.200 ) ( 395.100, 238.800 )


SHORT: ( Cut Short ) Regular Wire of Net n26 & Regular Wire of Net n301  ( metal2 )
Bounds : ( 396.900, 238.200 ) ( 397.500, 238.800 )


CUTSPACING: ( Different Layer Cut Spacing ) Regular Wire of Net n595  ( metal1 )
Bounds : ( 303.300, 211.200 ) ( 303.900, 211.800 )


CUTSPACING: ( Different Layer Cut Spacing ) Regular Wire of Net n597  ( metal1 )
Bounds : ( 303.300, 238.200 ) ( 303.900, 238.800 )


CUTSPACING: ( Different Layer Cut Spacing ) Regular Wire of Net n379  ( metal1 )
Bounds : ( 305.700, 235.200 ) ( 306.300, 235.800 )


CUTSPACING: ( Different Layer Cut Spacing ) Regular Wire of Net n597  ( metal1 )
Bounds : ( 310.500, 211.200 ) ( 311.100, 211.800 )


CUTSPACING: ( Different Layer Cut Spacing ) Regular Wire of Net n598  ( metal1 )
Bounds : ( 315.300, 211.200 ) ( 315.900, 211.800 )


CUTSPACING: ( Different Layer Cut Spacing ) Regular Wire of Net n101  ( metal1 )
Bounds : ( 322.500, 211.200 ) ( 323.100, 211.800 )


CUTSPACING: ( Different Layer Cut Spacing ) Regular Wire of Net n101  ( metal1 )
Bounds : ( 327.300, 211.200 ) ( 327.900, 211.800 )


CUTSPACING: ( Different Layer Cut Spacing ) Regular Wire of Net n184  ( metal1 )
Bounds : ( 334.500, 235.200 ) ( 335.100, 235.800 )


CUTSPACING: ( Different Layer Cut Spacing ) Regular Wire of Net n603  ( metal1 )
Bounds : ( 344.100, 214.200 ) ( 344.700, 214.800 )


CUTSPACING: ( Different Layer Cut Spacing ) Regular Wire of Net n360  ( metal1 )
Bounds : ( 346.500, 268.200 ) ( 347.100, 268.800 )


SHORT: ( Cut Short ) Regular Wire of Net n595 & Regular Wire of Net n597  ( metal2 )
Bounds : ( 310.500, 211.200 ) ( 311.100, 211.800 )


CUTSPACING: ( Different Layer Cut Spacing ) Regular Wire of Net n195 & Regular Wire of Net dp_aluout[5]  ( metal1 )
Bounds : ( 365.700, 154.200 ) ( 366.300, 154.800 )


CUTSPACING: ( Different Layer Cut Spacing ) Regular Wire of Net n226  ( metal1 )
Bounds : ( 382.500, 175.200 ) ( 383.100, 175.800 )


CUTSPACING: ( Different Layer Cut Spacing ) Regular Wire of Net n215  ( metal1 )
Bounds : ( 384.900, 157.200 ) ( 385.500, 157.800 )


CUTSPACING: ( Different Layer Cut Spacing ) Regular Wire of Net n162  ( metal1 )
Bounds : ( 389.700, 151.200 ) ( 390.300, 151.800 )


CUTSPACING: ( Different Layer Cut Spacing ) Regular Wire of Net n225 & Regular Wire of Net n4  ( metal1 )
Bounds : ( 389.700, 181.200 ) ( 390.300, 181.800 )


CUTSPACING: ( Different Layer Cut Spacing ) Regular Wire of Net n225  ( metal1 )
Bounds : ( 392.100, 181.200 ) ( 392.700, 181.800 )


CUTSPACING: ( Different Layer Cut Spacing ) Regular Wire of Net n207  ( metal1 )
Bounds : ( 396.900, 178.200 ) ( 397.500, 178.800 )


CUTSPACING: ( Different Layer Cut Spacing ) Regular Wire of Net n161  ( metal1 )
Bounds : ( 399.300, 175.200 ) ( 399.900, 175.800 )


CUTSPACING: ( Different Layer Cut Spacing ) Regular Wire of Net n161  ( metal1 )
Bounds : ( 401.700, 154.200 ) ( 402.300, 154.800 )


CUTSPACING: ( Different Layer Cut Spacing ) Regular Wire of Net adr[6]  ( metal1 )
Bounds : ( 406.500, 154.200 ) ( 407.100, 154.800 )


CUTSPACING: ( Different Layer Cut Spacing ) Regular Wire of Net n162  ( metal1 )
Bounds : ( 408.900, 151.200 ) ( 409.500, 151.800 )


CUTSPACING: ( Different Layer Cut Spacing ) Regular Wire of Net n591  ( metal1 )
Bounds : ( 411.300, 154.200 ) ( 411.900, 154.800 )


CUTSPACING: ( Different Layer Cut Spacing ) Regular Wire of Net n228  ( metal1 )
Bounds : ( 416.100, 175.200 ) ( 416.700, 175.800 )


CUTSPACING: ( Different Layer Cut Spacing ) Regular Wire of Net n4  ( metal1 )
Bounds : ( 416.100, 181.200 ) ( 416.700, 181.800 )


CUTSPACING: ( Different Layer Cut Spacing ) Regular Wire of Net n215  ( metal1 )
Bounds : ( 423.300, 157.200 ) ( 423.900, 157.800 )


CUTSPACING: ( Different Layer Cut Spacing ) Regular Wire of Net n229  ( metal1 )
Bounds : ( 423.300, 175.200 ) ( 423.900, 175.800 )


CUTSPACING: ( Different Layer Cut Spacing ) Regular Wire of Net n99  ( metal1 )
Bounds : ( 428.100, 151.200 ) ( 428.700, 151.800 )


CUTSPACING: ( Different Layer Cut Spacing ) Regular Wire of Net n4  ( metal1 )
Bounds : ( 432.900, 178.200 ) ( 433.500, 178.800 )


SHORT: ( Cut Short ) Regular Wire of Net n195 & Regular Wire of Net dp_aluout[5]  ( metal2 )
Bounds : ( 365.700, 154.200 ) ( 366.300, 154.800 )


SHORT: ( Cut Short ) Regular Wire of Net n225 & Regular Wire of Net n4  ( metal2 )
Bounds : ( 389.700, 181.200 ) ( 390.300, 181.800 )


CUTSPACING: ( Different Layer Cut Spacing ) Regular Wire of Net n119 & Regular Wire of Net n191  ( metal1 )
Bounds : ( 296.100, 151.200 ) ( 296.700, 151.800 )


CUTSPACING: ( Different Layer Cut Spacing ) Regular Wire of Net n139  ( metal1 )
Bounds : ( 296.100, 175.200 ) ( 296.700, 175.800 )


CUTSPACING: ( Different Layer Cut Spacing ) Regular Wire of Net n191  ( metal1 )
Bounds : ( 300.900, 151.200 ) ( 301.500, 151.800 )


CUTSPACING: ( Different Layer Cut Spacing ) Regular Wire of Net n119  ( metal1 )
Bounds : ( 305.700, 151.200 ) ( 306.300, 151.800 )


CUTSPACING: ( Different Layer Cut Spacing ) Regular Wire of Net n139  ( metal1 )
Bounds : ( 308.100, 175.200 ) ( 308.700, 175.800 )


CUTSPACING: ( Different Layer Cut Spacing ) Regular Wire of Net n597 & Regular Wire of Net n595  ( metal1 )
Bounds : ( 310.500, 178.200 ) ( 311.100, 178.800 )


CUTSPACING: ( Different Layer Cut Spacing ) Regular Wire of Net n389  ( metal1 )
Bounds : ( 312.900, 175.200 ) ( 313.500, 175.800 )


CUTSPACING: ( Different Layer Cut Spacing ) Regular Wire of Net n598  ( metal1 )
Bounds : ( 315.300, 178.200 ) ( 315.900, 178.800 )


CUTSPACING: ( Different Layer Cut Spacing ) Regular Wire of Net n137  ( metal1 )
Bounds : ( 320.100, 151.200 ) ( 320.700, 151.800 )


CUTSPACING: ( Different Layer Cut Spacing ) Regular Wire of Net n193 & Regular Wire of Net n139  ( metal1 )
Bounds : ( 322.500, 178.200 ) ( 323.100, 178.800 )


CUTSPACING: ( Different Layer Cut Spacing ) Regular Wire of Net n137  ( metal1 )
Bounds : ( 324.900, 151.200 ) ( 325.500, 151.800 )


CUTSPACING: ( Different Layer Cut Spacing ) Regular Wire of Net n603  ( metal1 )
Bounds : ( 324.900, 175.200 ) ( 325.500, 175.800 )


CUTSPACING: ( Different Layer Cut Spacing ) Regular Wire of Net n193  ( metal1 )
Bounds : ( 332.100, 178.200 ) ( 332.700, 178.800 )


CUTSPACING: ( Different Layer Cut Spacing ) Regular Wire of Net n190  ( metal1 )
Bounds : ( 348.900, 178.200 ) ( 349.500, 178.800 )


CUTSPACING: ( Different Layer Cut Spacing ) Regular Wire of Net n599  ( metal1 )
Bounds : ( 353.700, 178.200 ) ( 354.300, 178.800 )


CUTSPACING: ( Different Layer Cut Spacing ) Regular Wire of Net dp_aluout[6]  ( metal1 )
Bounds : ( 356.100, 175.200 ) ( 356.700, 175.800 )


CUTSPACING: ( Different Layer Cut Spacing ) Regular Wire of Net dp_aluout[6]  ( metal1 )
Bounds : ( 358.500, 175.200 ) ( 359.100, 175.800 )


CUTSPACING: ( Different Layer Cut Spacing ) Regular Wire of Net n195  ( metal1 )
Bounds : ( 360.900, 154.200 ) ( 361.500, 154.800 )


CUTSPACING: ( Different Layer Cut Spacing ) Regular Wire of Net n162  ( metal1 )
Bounds : ( 360.900, 178.200 ) ( 361.500, 178.800 )


SHORT: ( Cut Short ) Regular Wire of Net n191 & Regular Wire of Net n119  ( metal2 )
Bounds : ( 296.100, 151.200 ) ( 296.700, 151.800 )


SHORT: ( Cut Short ) Regular Wire of Net n137 & Regular Wire of Net n595  ( metal2 )
Bounds : ( 305.700, 178.200 ) ( 306.300, 178.800 )


SHORT: ( Cut Short ) Regular Wire of Net n598 & Regular Wire of Net n605  ( metal2 )
Bounds : ( 308.100, 151.200 ) ( 308.700, 151.800 )


SHORT: ( Cut Short ) Regular Wire of Net n597 & Regular Wire of Net n595  ( metal2 )
Bounds : ( 310.500, 178.200 ) ( 311.100, 178.800 )


SHORT: ( Out Of Die ) Regular Wire of Net adr[0]  ( metal2 )
Bounds : ( 578.400, 76.050 ) ( 578.850, 76.950 )


SHORT: ( Out Of Die ) Regular Wire of Net adr[1]  ( metal2 )
Bounds : ( 578.400, 79.050 ) ( 578.850, 79.950 )


SHORT: ( Out Of Die ) Regular Wire of Net adr[2]  ( metal2 )
Bounds : ( 578.400, 82.050 ) ( 578.850, 82.950 )


SHORT: ( Out Of Die ) Regular Wire of Net adr[3]  ( metal2 )
Bounds : ( 578.400, 85.050 ) ( 578.850, 85.950 )


SHORT: ( Out Of Die ) Regular Wire of Net adr[4]  ( metal2 )
Bounds : ( 578.400, 88.050 ) ( 578.850, 88.950 )


SHORT: ( Out Of Die ) Regular Wire of Net adr[5]  ( metal2 )
Bounds : ( 578.400, 91.050 ) ( 578.850, 91.950 )


SHORT: ( Out Of Die ) Regular Wire of Net adr[6]  ( metal2 )
Bounds : ( 578.400, 94.050 ) ( 578.850, 94.950 )


SHORT: ( Out Of Die ) Regular Wire of Net adr[7]  ( metal2 )
Bounds : ( 578.400, 97.050 ) ( 578.850, 97.950 )


CUTSPACING: ( Different Layer Cut Spacing ) Regular Wire of Net adr[1]  ( metal1 )
Bounds : ( 507.300, 55.200 ) ( 507.900, 55.800 )


CUTSPACING: ( Different Layer Cut Spacing ) Regular Wire of Net n562  ( metal1 )
Bounds : ( 509.700, 58.200 ) ( 510.300, 58.800 )


CUTSPACING: ( Different Layer Cut Spacing ) Regular Wire of Net n562  ( metal1 )
Bounds : ( 521.700, 58.200 ) ( 522.300, 58.800 )


CUTSPACING: ( Different Layer Cut Spacing ) Regular Wire of Net n116  ( metal1 )
Bounds : ( 521.700, 118.200 ) ( 522.300, 118.800 )


CUTSPACING: ( Different Layer Cut Spacing ) Regular Wire of Net n246  ( metal1 )
Bounds : ( 526.500, 115.200 ) ( 527.100, 115.800 )


CUTSPACING: ( Different Layer Cut Spacing ) Regular Wire of Net n246 & Regular Wire of Net n310  ( metal1 )
Bounds : ( 528.900, 115.200 ) ( 529.500, 115.800 )


CUTSPACING: ( Different Layer Cut Spacing ) Regular Wire of Net n125  ( metal1 )
Bounds : ( 531.300, 91.200 ) ( 531.900, 91.800 )


CUTSPACING: ( Different Layer Cut Spacing ) Regular Wire of Net n125  ( metal1 )
Bounds : ( 536.100, 91.200 ) ( 536.700, 91.800 )


CUTSPACING: ( Different Layer Cut Spacing ) Regular Wire of Net n272  ( metal1 )
Bounds : ( 536.100, 115.200 ) ( 536.700, 115.800 )


CUTSPACING: ( Different Layer Cut Spacing ) Regular Wire of Net n325  ( metal1 )
Bounds : ( 536.100, 121.200 ) ( 536.700, 121.800 )


CUTSPACING: ( Different Layer Cut Spacing ) Regular Wire of Net n340  ( metal1 )
Bounds : ( 540.900, 88.200 ) ( 541.500, 88.800 )


CUTSPACING: ( Different Layer Cut Spacing ) Regular Wire of Net n328  ( metal1 )
Bounds : ( 540.900, 94.200 ) ( 541.500, 94.800 )


CUTSPACING: ( Different Layer Cut Spacing ) Regular Wire of Net n310  ( metal1 )
Bounds : ( 555.300, 88.200 ) ( 555.900, 88.800 )


CUTSPACING: ( Different Layer Cut Spacing ) Regular Wire of Net n310  ( metal1 )
Bounds : ( 555.300, 121.200 ) ( 555.900, 121.800 )


CUTSPACING: ( Different Layer Cut Spacing ) Regular Wire of Net n220  ( metal1 )
Bounds : ( 449.700, 55.200 ) ( 450.300, 55.800 )


CUTSPACING: ( Different Layer Cut Spacing ) Regular Wire of Net n84  ( metal1 )
Bounds : ( 449.700, 118.200 ) ( 450.300, 118.800 )


CUTSPACING: ( Different Layer Cut Spacing ) Regular Wire of Net n215  ( metal1 )
Bounds : ( 452.100, 97.200 ) ( 452.700, 97.800 )


CUTSPACING: ( Different Layer Cut Spacing ) Regular Wire of Net n208  ( metal1 )
Bounds : ( 452.100, 115.200 ) ( 452.700, 115.800 )


CUTSPACING: ( Different Layer Cut Spacing ) Regular Wire of Net n217  ( metal1 )
Bounds : ( 454.500, 94.200 ) ( 455.100, 94.800 )


CUTSPACING: ( Different Layer Cut Spacing ) Regular Wire of Net n212  ( metal1 )
Bounds : ( 459.300, 55.200 ) ( 459.900, 55.800 )


CUTSPACING: ( Different Layer Cut Spacing ) Regular Wire of Net n217  ( metal1 )
Bounds : ( 459.300, 94.200 ) ( 459.900, 94.800 )


CUTSPACING: ( Different Layer Cut Spacing ) Regular Wire of Net n213  ( metal1 )
Bounds : ( 461.700, 58.200 ) ( 462.300, 58.800 )


CUTSPACING: ( Different Layer Cut Spacing ) Regular Wire of Net n218  ( metal1 )
Bounds : ( 461.700, 91.200 ) ( 462.300, 91.800 )


CUTSPACING: ( Different Layer Cut Spacing ) Regular Wire of Net n211 & Regular Wire of Net n4  ( metal1 )
Bounds : ( 466.500, 61.200 ) ( 467.100, 61.800 )


CUTSPACING: ( Different Layer Cut Spacing ) Regular Wire of Net n4 & Regular Wire of Net n216  ( metal1 )
Bounds : ( 466.500, 88.200 ) ( 467.100, 88.800 )


CUTSPACING: ( Different Layer Cut Spacing ) Regular Wire of Net n210  ( metal1 )
Bounds : ( 468.900, 115.200 ) ( 469.500, 115.800 )


CUTSPACING: ( Different Layer Cut Spacing ) Regular Wire of Net n216  ( metal1 )
Bounds : ( 473.700, 88.200 ) ( 474.300, 88.800 )


CUTSPACING: ( Different Layer Cut Spacing ) Regular Wire of Net n207  ( metal1 )
Bounds : ( 476.100, 58.200 ) ( 476.700, 58.800 )


CUTSPACING: ( Different Layer Cut Spacing ) Regular Wire of Net n143  ( metal1 )
Bounds : ( 478.500, 55.200 ) ( 479.100, 55.800 )


CUTSPACING: ( Different Layer Cut Spacing ) Regular Wire of Net n211  ( metal1 )
Bounds : ( 480.900, 61.200 ) ( 481.500, 61.800 )


CUTSPACING: ( Different Layer Cut Spacing ) Regular Wire of Net n207  ( metal1 )
Bounds : ( 485.700, 58.200 ) ( 486.300, 58.800 )


CUTSPACING: ( Different Layer Cut Spacing ) Regular Wire of Net n280  ( metal1 )
Bounds : ( 485.700, 94.200 ) ( 486.300, 94.800 )


CUTSPACING: ( Different Layer Cut Spacing ) Regular Wire of Net n107  ( metal1 )
Bounds : ( 488.100, 118.200 ) ( 488.700, 118.800 )


CUTSPACING: ( Different Layer Cut Spacing ) Regular Wire of Net n143  ( metal1 )
Bounds : ( 490.500, 91.200 ) ( 491.100, 91.800 )


CUTSPACING: ( Different Layer Cut Spacing ) Regular Wire of Net n264  ( metal1 )
Bounds : ( 492.900, 115.200 ) ( 493.500, 115.800 )


CUTSPACING: ( Different Layer Cut Spacing ) Regular Wire of Net n117  ( metal1 )
Bounds : ( 500.100, 58.200 ) ( 500.700, 58.800 )


CUTSPACING: ( Different Layer Cut Spacing ) Regular Wire of Net n117  ( metal1 )
Bounds : ( 504.900, 58.200 ) ( 505.500, 58.800 )


CUTSPACING: ( Different Layer Cut Spacing ) Regular Wire of Net n215  ( metal1 )
Bounds : ( 454.500, 37.200 ) ( 455.100, 37.800 )


CUTSPACING: ( Different Layer Cut Spacing ) Regular Wire of Net n220  ( metal1 )
Bounds : ( 456.900, 34.200 ) ( 457.500, 34.800 )


CUTSPACING: ( Different Layer Cut Spacing ) Regular Wire of Net n144  ( metal1 )
Bounds : ( 459.300, 31.200 ) ( 459.900, 31.800 )


CUTSPACING: ( Different Layer Cut Spacing ) Regular Wire of Net n215  ( metal1 )
Bounds : ( 461.700, 37.200 ) ( 462.300, 37.800 )


CUTSPACING: ( Different Layer Cut Spacing ) Regular Wire of Net dp_aluout[0]  ( metal1 )
Bounds : ( 485.700, 34.200 ) ( 486.300, 34.800 )


CUTSPACING: ( Different Layer Cut Spacing ) Regular Wire of Net n562  ( metal1 )
Bounds : ( 502.500, 31.200 ) ( 503.100, 31.800 )


CUTSPACING: ( Different Layer Cut Spacing ) Regular Wire of Net adr[4]  ( metal1 )
Bounds : ( 504.900, 34.200 ) ( 505.500, 34.800 )


CUTSPACING: ( Different Layer Cut Spacing ) Regular Wire of Net n144  ( metal1 )
Bounds : ( 507.300, 31.200 ) ( 507.900, 31.800 )


CUTSPACING: ( Different Layer Cut Spacing ) Regular Wire of Net n591  ( metal1 )
Bounds : ( 519.300, 31.200 ) ( 519.900, 31.800 )


CUTSPACING: ( Different Layer Cut Spacing ) Regular Wire of Net n591  ( metal1 )
Bounds : ( 524.100, 34.200 ) ( 524.700, 34.800 )


CUTSPACING: ( Different Layer Cut Spacing ) Regular Wire of Net n182 & Regular Wire of Net n192  ( metal1 )
Bounds : ( 365.700, 58.200 ) ( 366.300, 58.800 )


CUTSPACING: ( Different Layer Cut Spacing ) Regular Wire of Net n190  ( metal1 )
Bounds : ( 365.700, 118.200 ) ( 366.300, 118.800 )


CUTSPACING: ( Different Layer Cut Spacing ) Regular Wire of Net n186  ( metal1 )
Bounds : ( 368.100, 55.200 ) ( 368.700, 55.800 )


CUTSPACING: ( Different Layer Cut Spacing ) Regular Wire of Net n190  ( metal1 )
Bounds : ( 370.500, 91.200 ) ( 371.100, 91.800 )


CUTSPACING: ( Different Layer Cut Spacing ) Regular Wire of Net n599  ( metal1 )
Bounds : ( 370.500, 118.200 ) ( 371.100, 118.800 )


CUTSPACING: ( Different Layer Cut Spacing ) Regular Wire of Net dp_aluout[7]  ( metal1 )
Bounds : ( 372.900, 115.200 ) ( 373.500, 115.800 )


CUTSPACING: ( Different Layer Cut Spacing ) Regular Wire of Net n599  ( metal1 )
Bounds : ( 375.300, 91.200 ) ( 375.900, 91.800 )


CUTSPACING: ( Different Layer Cut Spacing ) Regular Wire of Net dp_aluout[5]  ( metal1 )
Bounds : ( 382.500, 94.200 ) ( 383.100, 94.800 )


CUTSPACING: ( Different Layer Cut Spacing ) Regular Wire of Net dp_aluout[7]  ( metal1 )
Bounds : ( 382.500, 115.200 ) ( 383.100, 115.800 )


CUTSPACING: ( Different Layer Cut Spacing ) Regular Wire of Net dp_aluout[1]  ( metal1 )
Bounds : ( 384.900, 55.200 ) ( 385.500, 55.800 )


CUTSPACING: ( Different Layer Cut Spacing ) Regular Wire of Net n153  ( metal1 )
Bounds : ( 384.900, 91.200 ) ( 385.500, 91.800 )


CUTSPACING: ( Different Layer Cut Spacing ) Regular Wire of Net n99  ( metal1 )
Bounds : ( 384.900, 118.200 ) ( 385.500, 118.800 )


CUTSPACING: ( Different Layer Cut Spacing ) Regular Wire of Net n223  ( metal1 )
Bounds : ( 401.700, 55.200 ) ( 402.300, 55.800 )


CUTSPACING: ( Different Layer Cut Spacing ) Regular Wire of Net n4 & Regular Wire of Net n222  ( metal1 )
Bounds : ( 406.500, 88.200 ) ( 407.100, 88.800 )


CUTSPACING: ( Different Layer Cut Spacing ) Regular Wire of Net n288  ( metal1 )
Bounds : ( 406.500, 115.200 ) ( 407.100, 115.800 )


CUTSPACING: ( Different Layer Cut Spacing ) Regular Wire of Net n222  ( metal1 )
Bounds : ( 408.900, 88.200 ) ( 409.500, 88.800 )


CUTSPACING: ( Different Layer Cut Spacing ) Regular Wire of Net n152  ( metal1 )
Bounds : ( 411.300, 118.200 ) ( 411.900, 118.800 )


CUTSPACING: ( Different Layer Cut Spacing ) Regular Wire of Net dp_aluout[4] & Regular Wire of Net n152  ( metal1 )
Bounds : ( 416.100, 55.200 ) ( 416.700, 55.800 )


CUTSPACING: ( Different Layer Cut Spacing ) Regular Wire of Net dp_aluout[4]  ( metal1 )
Bounds : ( 418.500, 55.200 ) ( 419.100, 55.800 )


CUTSPACING: ( Different Layer Cut Spacing ) Regular Wire of Net n152  ( metal1 )
Bounds : ( 418.500, 118.200 ) ( 419.100, 118.800 )


CUTSPACING: ( Different Layer Cut Spacing ) Regular Wire of Net n144  ( metal1 )
Bounds : ( 420.900, 58.200 ) ( 421.500, 58.800 )


CUTSPACING: ( Different Layer Cut Spacing ) Regular Wire of Net n152  ( metal1 )
Bounds : ( 423.300, 55.200 ) ( 423.900, 55.800 )


CUTSPACING: ( Different Layer Cut Spacing ) Regular Wire of Net n170  ( metal1 )
Bounds : ( 423.300, 115.200 ) ( 423.900, 115.800 )


CUTSPACING: ( Different Layer Cut Spacing ) Regular Wire of Net n562  ( metal1 )
Bounds : ( 425.700, 58.200 ) ( 426.300, 58.800 )


CUTSPACING: ( Different Layer Cut Spacing ) Regular Wire of Net adr[5]  ( metal1 )
Bounds : ( 428.100, 55.200 ) ( 428.700, 55.800 )


CUTSPACING: ( Different Layer Cut Spacing ) Regular Wire of Net adr[7]  ( metal1 )
Bounds : ( 428.100, 115.200 ) ( 428.700, 115.800 )


CUTSPACING: ( Different Layer Cut Spacing ) Regular Wire of Net n99  ( metal1 )
Bounds : ( 430.500, 118.200 ) ( 431.100, 118.800 )


CUTSPACING: ( Different Layer Cut Spacing ) Regular Wire of Net n591  ( metal1 )
Bounds : ( 432.900, 115.200 ) ( 433.500, 115.800 )


SHORT: ( Cut Short ) Regular Wire of Net n4 & Regular Wire of Net n222  ( metal2 )
Bounds : ( 406.500, 88.200 ) ( 407.100, 88.800 )


CUTSPACING: ( Different Layer Cut Spacing ) Regular Wire of Net n597  ( metal1 )
Bounds : ( 298.500, 58.200 ) ( 299.100, 58.800 )


CUTSPACING: ( Different Layer Cut Spacing ) Regular Wire of Net n148  ( metal1 )
Bounds : ( 298.500, 115.200 ) ( 299.100, 115.800 )


CUTSPACING: ( Different Layer Cut Spacing ) Regular Wire of Net n148  ( metal1 )
Bounds : ( 300.900, 94.200 ) ( 301.500, 94.800 )


CUTSPACING: ( Different Layer Cut Spacing ) Regular Wire of Net n597  ( metal1 )
Bounds : ( 300.900, 118.200 ) ( 301.500, 118.800 )


CUTSPACING: ( Different Layer Cut Spacing ) Regular Wire of Net n598  ( metal1 )
Bounds : ( 303.300, 58.200 ) ( 303.900, 58.800 )


CUTSPACING: ( Different Layer Cut Spacing ) Regular Wire of Net n598  ( metal1 )
Bounds : ( 305.700, 118.200 ) ( 306.300, 118.800 )


CUTSPACING: ( Different Layer Cut Spacing ) Regular Wire of Net n595  ( metal1 )
Bounds : ( 308.100, 91.200 ) ( 308.700, 91.800 )


CUTSPACING: ( Different Layer Cut Spacing ) Regular Wire of Net n146  ( metal1 )
Bounds : ( 308.100, 115.200 ) ( 308.700, 115.800 )


CUTSPACING: ( Different Layer Cut Spacing ) Regular Wire of Net n597  ( metal1 )
Bounds : ( 310.500, 58.200 ) ( 311.100, 58.800 )


CUTSPACING: ( Different Layer Cut Spacing ) Regular Wire of Net n146  ( metal1 )
Bounds : ( 312.900, 91.200 ) ( 313.500, 91.800 )


CUTSPACING: ( Different Layer Cut Spacing ) Regular Wire of Net n598  ( metal1 )
Bounds : ( 315.300, 58.200 ) ( 315.900, 58.800 )


CUTSPACING: ( Different Layer Cut Spacing ) Regular Wire of Net n605  ( metal1 )
Bounds : ( 320.100, 115.200 ) ( 320.700, 115.800 )


CUTSPACING: ( Different Layer Cut Spacing ) Regular Wire of Net n605  ( metal1 )
Bounds : ( 324.900, 55.200 ) ( 325.500, 55.800 )


CUTSPACING: ( Different Layer Cut Spacing ) Regular Wire of Net n605  ( metal1 )
Bounds : ( 324.900, 91.200 ) ( 325.500, 91.800 )


CUTSPACING: ( Different Layer Cut Spacing ) Regular Wire of Net n110 & Regular Wire of Net n128  ( metal1 )
Bounds : ( 327.300, 58.200 ) ( 327.900, 58.800 )


CUTSPACING: ( Different Layer Cut Spacing ) Regular Wire of Net n184  ( metal1 )
Bounds : ( 327.300, 94.200 ) ( 327.900, 94.800 )


CUTSPACING: ( Different Layer Cut Spacing ) Regular Wire of Net n194  ( metal1 )
Bounds : ( 327.300, 118.200 ) ( 327.900, 118.800 )


CUTSPACING: ( Different Layer Cut Spacing ) Regular Wire of Net n184  ( metal1 )
Bounds : ( 334.500, 55.200 ) ( 335.100, 55.800 )


CUTSPACING: ( Different Layer Cut Spacing ) Regular Wire of Net n605  ( metal1 )
Bounds : ( 341.700, 55.200 ) ( 342.300, 55.800 )


CUTSPACING: ( Different Layer Cut Spacing ) Regular Wire of Net n121  ( metal1 )
Bounds : ( 341.700, 118.200 ) ( 342.300, 118.800 )


CUTSPACING: ( Different Layer Cut Spacing ) Regular Wire of Net n110  ( metal1 )
Bounds : ( 344.100, 58.200 ) ( 344.700, 58.800 )


CUTSPACING: ( Different Layer Cut Spacing ) Regular Wire of Net n186  ( metal1 )
Bounds : ( 348.900, 115.200 ) ( 349.500, 115.800 )


CUTSPACING: ( Different Layer Cut Spacing ) Regular Wire of Net n603  ( metal1 )
Bounds : ( 358.500, 55.200 ) ( 359.100, 55.800 )


CUTSPACING: ( Different Layer Cut Spacing ) Regular Wire of Net n190 & Regular Wire of Net n603  ( metal1 )
Bounds : ( 358.500, 91.200 ) ( 359.100, 91.800 )


CUTSPACING: ( Different Layer Cut Spacing ) Regular Wire of Net n130  ( metal1 )
Bounds : ( 360.900, 58.200 ) ( 361.500, 58.800 )


SHORT: ( Out Of Die ) Regular Wire of Net memwrite  ( metal2 )
Bounds : ( 348.750, -0.450 ) ( 349.650, 0.000 )


CUTSPACING: ( Different Layer Cut Spacing ) Regular Wire of Net n594  ( metal1 )
Bounds : ( 298.500, 31.200 ) ( 299.100, 31.800 )


CUTSPACING: ( Different Layer Cut Spacing ) Regular Wire of Net n453  ( metal1 )
Bounds : ( 300.900, 34.200 ) ( 301.500, 34.800 )


CUTSPACING: ( Different Layer Cut Spacing ) Regular Wire of Net n594 & Regular Wire of Net n595  ( metal1 )
Bounds : ( 303.300, 31.200 ) ( 303.900, 31.800 )


CUTSPACING: ( Different Layer Cut Spacing ) Regular Wire of Net n594  ( metal1 )
Bounds : ( 310.500, 31.200 ) ( 311.100, 31.800 )


CUTSPACING: ( Different Layer Cut Spacing ) Regular Wire of Net n595  ( metal1 )
Bounds : ( 315.300, 31.200 ) ( 315.900, 31.800 )


CUTSPACING: ( Different Layer Cut Spacing ) Regular Wire of Net n128  ( metal1 )
Bounds : ( 317.700, 34.200 ) ( 318.300, 34.800 )


CUTSPACING: ( Different Layer Cut Spacing ) Regular Wire of Net n128 & Regular Wire of Net n110  ( metal1 )
Bounds : ( 327.300, 31.200 ) ( 327.900, 31.800 )


CUTSPACING: ( Different Layer Cut Spacing ) Regular Wire of Net n112  ( metal1 )
Bounds : ( 334.500, 31.200 ) ( 335.100, 31.800 )


CUTSPACING: ( Different Layer Cut Spacing ) Regular Wire of Net n110  ( metal1 )
Bounds : ( 339.300, 31.200 ) ( 339.900, 31.800 )


CUTSPACING: ( Different Layer Cut Spacing ) Regular Wire of Net n359  ( metal1 )
Bounds : ( 346.500, 34.200 ) ( 347.100, 34.800 )


CUTSPACING: ( Different Layer Cut Spacing ) Regular Wire of Net n359 & Regular Wire of Net n603  ( metal1 )
Bounds : ( 356.100, 34.200 ) ( 356.700, 34.800 )


CUTSPACING: ( Different Layer Cut Spacing ) Regular Wire of Net n112  ( metal1 )
Bounds : ( 358.500, 31.200 ) ( 359.100, 31.800 )


CUTSPACING: ( Different Layer Cut Spacing ) Regular Wire of Net n186  ( metal1 )
Bounds : ( 363.300, 31.200 ) ( 363.900, 31.800 )


CUTSPACING: ( Different Layer Cut Spacing ) Regular Wire of Net n182  ( metal1 )
Bounds : ( 365.700, 34.200 ) ( 366.300, 34.800 )


CUTSPACING: ( Different Layer Cut Spacing ) Regular Wire of Net n599  ( metal1 )
Bounds : ( 384.900, 31.200 ) ( 385.500, 31.800 )


CUTSPACING: ( Different Layer Cut Spacing ) Regular Wire of Net n190  ( metal1 )
Bounds : ( 399.300, 31.200 ) ( 399.900, 31.800 )


CUTSPACING: ( Different Layer Cut Spacing ) Regular Wire of Net n192  ( metal1 )
Bounds : ( 401.700, 34.200 ) ( 402.300, 34.800 )


CUTSPACING: ( Different Layer Cut Spacing ) Regular Wire of Net n599  ( metal1 )
Bounds : ( 404.100, 31.200 ) ( 404.700, 31.800 )


CUTSPACING: ( Different Layer Cut Spacing ) Regular Wire of Net dp_aluout[2]  ( metal1 )
Bounds : ( 406.500, 34.200 ) ( 407.100, 34.800 )


CUTSPACING: ( Different Layer Cut Spacing ) Regular Wire of Net n190  ( metal1 )
Bounds : ( 411.300, 31.200 ) ( 411.900, 31.800 )


CUTSPACING: ( Different Layer Cut Spacing ) Regular Wire of Net n182  ( metal1 )
Bounds : ( 413.700, 34.200 ) ( 414.300, 34.800 )


CUTSPACING: ( Different Layer Cut Spacing ) Regular Wire of Net dp_aluout[2]  ( metal1 )
Bounds : ( 432.900, 34.200 ) ( 433.500, 34.800 )


SHORT: ( Cut Short ) Regular Wire of Net n595 & Regular Wire of Net n594  ( metal2 )
Bounds : ( 303.300, 31.200 ) ( 303.900, 31.800 )


SHORT: ( Cut Short ) Regular Wire of Net n110 & Regular Wire of Net n128  ( metal2 )
Bounds : ( 327.300, 31.200 ) ( 327.900, 31.800 )


SHORT: ( Cut Short ) Regular Wire of Net n603 & Regular Wire of Net n359  ( metal2 )
Bounds : ( 356.100, 34.200 ) ( 356.700, 34.800 )


CUTSPACING: ( Different Layer Cut Spacing ) Regular Wire of Net n215  ( metal1 )
Bounds : ( 404.100, 52.200 ) ( 404.700, 52.800 )


CUTSPACING: ( Different Layer Cut Spacing ) Regular Wire of Net n168  ( metal1 )
Bounds : ( 226.500, 238.200 ) ( 227.100, 238.800 )


CUTSPACING: ( Different Layer Cut Spacing ) Regular Wire of Net n361  ( metal1 )
Bounds : ( 228.900, 211.200 ) ( 229.500, 211.800 )


CUTSPACING: ( Different Layer Cut Spacing ) Regular Wire of Net n601  ( metal1 )
Bounds : ( 228.900, 235.200 ) ( 229.500, 235.800 )


CUTSPACING: ( Different Layer Cut Spacing ) Regular Wire of Net n168  ( metal1 )
Bounds : ( 231.300, 238.200 ) ( 231.900, 238.800 )


CUTSPACING: ( Different Layer Cut Spacing ) Regular Wire of Net dp_rf_REGS[14]  ( metal1 )
Bounds : ( 233.700, 235.200 ) ( 234.300, 235.800 )


CUTSPACING: ( Different Layer Cut Spacing ) Regular Wire of Net n369  ( metal1 )
Bounds : ( 236.100, 232.200 ) ( 236.700, 232.800 )


CUTSPACING: ( Different Layer Cut Spacing ) Regular Wire of Net n361  ( metal1 )
Bounds : ( 236.100, 238.200 ) ( 236.700, 238.800 )


CUTSPACING: ( Different Layer Cut Spacing ) Regular Wire of Net n596  ( metal1 )
Bounds : ( 243.300, 238.200 ) ( 243.900, 238.800 )


CUTSPACING: ( Different Layer Cut Spacing ) Regular Wire of Net dp_rf_REGS[11]  ( metal1 )
Bounds : ( 245.700, 214.200 ) ( 246.300, 214.800 )


CUTSPACING: ( Different Layer Cut Spacing ) Regular Wire of Net n596  ( metal1 )
Bounds : ( 248.100, 211.200 ) ( 248.700, 211.800 )


CUTSPACING: ( Different Layer Cut Spacing ) Regular Wire of Net n105  ( metal1 )
Bounds : ( 248.100, 238.200 ) ( 248.700, 238.800 )


CUTSPACING: ( Different Layer Cut Spacing ) Regular Wire of Net dp_rf_REGS[11] & Regular Wire of Net n601  ( metal1 )
Bounds : ( 250.500, 214.200 ) ( 251.100, 214.800 )


CUTSPACING: ( Different Layer Cut Spacing ) Regular Wire of Net n601  ( metal1 )
Bounds : ( 250.500, 235.200 ) ( 251.100, 235.800 )


CUTSPACING: ( Different Layer Cut Spacing ) Regular Wire of Net n105  ( metal1 )
Bounds : ( 252.900, 238.200 ) ( 253.500, 238.800 )


CUTSPACING: ( Different Layer Cut Spacing ) Regular Wire of Net n601  ( metal1 )
Bounds : ( 255.300, 214.200 ) ( 255.900, 214.800 )


CUTSPACING: ( Different Layer Cut Spacing ) Regular Wire of Net n193  ( metal1 )
Bounds : ( 262.500, 211.200 ) ( 263.100, 211.800 )


CUTSPACING: ( Different Layer Cut Spacing ) Regular Wire of Net n413  ( metal1 )
Bounds : ( 269.700, 232.200 ) ( 270.300, 232.800 )


SHORT: ( Cut Short ) Regular Wire of Net n361 & Regular Wire of Net n168  ( metal2 )
Bounds : ( 231.300, 238.200 ) ( 231.900, 238.800 )


SHORT: ( Cut Short ) Regular Wire of Net n601 & Regular Wire of Net dp_rf_REGS[11]  ( metal2 )
Bounds : ( 250.500, 214.200 ) ( 251.100, 214.800 )


CUTSPACING: ( Different Layer Cut Spacing ) Regular Wire of Net n189  ( metal1 )
Bounds : ( 156.900, 214.200 ) ( 157.500, 214.800 )


CUTSPACING: ( Different Layer Cut Spacing ) Regular Wire of Net n163  ( metal1 )
Bounds : ( 156.900, 238.200 ) ( 157.500, 238.800 )


CUTSPACING: ( Different Layer Cut Spacing ) Regular Wire of Net n197  ( metal1 )
Bounds : ( 159.300, 211.200 ) ( 159.900, 211.800 )


CUTSPACING: ( Different Layer Cut Spacing ) Regular Wire of Net n600  ( metal1 )
Bounds : ( 166.500, 214.200 ) ( 167.100, 214.800 )


CUTSPACING: ( Different Layer Cut Spacing ) Regular Wire of Net n197  ( metal1 )
Bounds : ( 176.100, 211.200 ) ( 176.700, 211.800 )


CUTSPACING: ( Different Layer Cut Spacing ) Regular Wire of Net n365  ( metal1 )
Bounds : ( 183.300, 211.200 ) ( 183.900, 211.800 )


CUTSPACING: ( Different Layer Cut Spacing ) Regular Wire of Net n364  ( metal1 )
Bounds : ( 185.700, 214.200 ) ( 186.300, 214.800 )


CUTSPACING: ( Different Layer Cut Spacing ) Regular Wire of Net n104  ( metal1 )
Bounds : ( 190.500, 214.200 ) ( 191.100, 214.800 )


CUTSPACING: ( Different Layer Cut Spacing ) Regular Wire of Net n165  ( metal1 )
Bounds : ( 190.500, 235.200 ) ( 191.100, 235.800 )


CUTSPACING: ( Different Layer Cut Spacing ) Regular Wire of Net n595  ( metal1 )
Bounds : ( 197.700, 238.200 ) ( 198.300, 238.800 )


CUTSPACING: ( Different Layer Cut Spacing ) Regular Wire of Net n163  ( metal1 )
Bounds : ( 200.100, 235.200 ) ( 200.700, 235.800 )


CUTSPACING: ( Different Layer Cut Spacing ) Regular Wire of Net n102 & Regular Wire of Net n163  ( metal1 )
Bounds : ( 202.500, 235.200 ) ( 203.100, 235.800 )


CUTSPACING: ( Different Layer Cut Spacing ) Regular Wire of Net n363  ( metal1 )
Bounds : ( 207.300, 214.200 ) ( 207.900, 214.800 )


CUTSPACING: ( Different Layer Cut Spacing ) Regular Wire of Net n588  ( metal1 )
Bounds : ( 207.300, 268.200 ) ( 207.900, 268.800 )


CUTSPACING: ( Different Layer Cut Spacing ) Regular Wire of Net n595  ( metal1 )
Bounds : ( 209.700, 238.200 ) ( 210.300, 238.800 )


CUTSPACING: ( Different Layer Cut Spacing ) Regular Wire of Net n100  ( metal1 )
Bounds : ( 214.500, 238.200 ) ( 215.100, 238.800 )


CUTSPACING: ( Different Layer Cut Spacing ) Regular Wire of Net n406  ( metal1 )
Bounds : ( 216.900, 154.200 ) ( 217.500, 154.800 )


CUTSPACING: ( Different Layer Cut Spacing ) Regular Wire of Net n590  ( metal1 )
Bounds : ( 216.900, 181.200 ) ( 217.500, 181.800 )


CUTSPACING: ( Different Layer Cut Spacing ) Regular Wire of Net n410  ( metal1 )
Bounds : ( 228.900, 175.200 ) ( 229.500, 175.800 )


CUTSPACING: ( Different Layer Cut Spacing ) Regular Wire of Net n596  ( metal1 )
Bounds : ( 231.300, 151.200 ) ( 231.900, 151.800 )


CUTSPACING: ( Different Layer Cut Spacing ) Regular Wire of Net n399  ( metal1 )
Bounds : ( 243.300, 157.200 ) ( 243.900, 157.800 )


CUTSPACING: ( Different Layer Cut Spacing ) Regular Wire of Net n596  ( metal1 )
Bounds : ( 250.500, 151.200 ) ( 251.100, 151.800 )


CUTSPACING: ( Different Layer Cut Spacing ) Regular Wire of Net n433  ( metal1 )
Bounds : ( 257.700, 172.200 ) ( 258.300, 172.800 )


CUTSPACING: ( Different Layer Cut Spacing ) Regular Wire of Net n429  ( metal1 )
Bounds : ( 257.700, 178.200 ) ( 258.300, 178.800 )


CUTSPACING: ( Different Layer Cut Spacing ) Regular Wire of Net n439  ( metal1 )
Bounds : ( 264.900, 151.200 ) ( 265.500, 151.800 )


CUTSPACING: ( Different Layer Cut Spacing ) Regular Wire of Net n443  ( metal1 )
Bounds : ( 264.900, 157.200 ) ( 265.500, 157.800 )


CUTSPACING: ( Different Layer Cut Spacing ) Regular Wire of Net n121  ( metal1 )
Bounds : ( 276.900, 175.200 ) ( 277.500, 175.800 )


CUTSPACING: ( Different Layer Cut Spacing ) Regular Wire of Net n121  ( metal1 )
Bounds : ( 279.300, 154.200 ) ( 279.900, 154.800 )


CUTSPACING: ( Different Layer Cut Spacing ) Regular Wire of Net n443  ( metal1 )
Bounds : ( 281.700, 175.200 ) ( 282.300, 175.800 )


CUTSPACING: ( Different Layer Cut Spacing ) Regular Wire of Net n598  ( metal1 )
Bounds : ( 286.500, 151.200 ) ( 287.100, 151.800 )


CUTSPACING: ( Different Layer Cut Spacing ) Regular Wire of Net n119  ( metal1 )
Bounds : ( 286.500, 175.200 ) ( 287.100, 175.800 )


CUTSPACING: ( Different Layer Cut Spacing ) Regular Wire of Net n439  ( metal1 )
Bounds : ( 144.900, 151.200 ) ( 145.500, 151.800 )


CUTSPACING: ( Different Layer Cut Spacing ) Regular Wire of Net n429  ( metal1 )
Bounds : ( 149.700, 178.200 ) ( 150.300, 178.800 )


CUTSPACING: ( Different Layer Cut Spacing ) Regular Wire of Net dp_n12  ( metal1 )
Bounds : ( 152.100, 175.200 ) ( 152.700, 175.800 )


CUTSPACING: ( Different Layer Cut Spacing ) Regular Wire of Net n602  ( metal1 )
Bounds : ( 156.900, 154.200 ) ( 157.500, 154.800 )


CUTSPACING: ( Different Layer Cut Spacing ) Regular Wire of Net n197  ( metal1 )
Bounds : ( 161.700, 178.200 ) ( 162.300, 178.800 )


CUTSPACING: ( Different Layer Cut Spacing ) Regular Wire of Net n151  ( metal1 )
Bounds : ( 180.900, 154.200 ) ( 181.500, 154.800 )


CUTSPACING: ( Different Layer Cut Spacing ) Regular Wire of Net n409  ( metal1 )
Bounds : ( 183.300, 151.200 ) ( 183.900, 151.800 )


CUTSPACING: ( Different Layer Cut Spacing ) Regular Wire of Net n427  ( metal1 )
Bounds : ( 185.700, 154.200 ) ( 186.300, 154.800 )


CUTSPACING: ( Different Layer Cut Spacing ) Regular Wire of Net n410 & Regular Wire of Net n408  ( metal1 )
Bounds : ( 188.100, 175.200 ) ( 188.700, 175.800 )


CUTSPACING: ( Different Layer Cut Spacing ) Regular Wire of Net n149  ( metal1 )
Bounds : ( 190.500, 154.200 ) ( 191.100, 154.800 )


CUTSPACING: ( Different Layer Cut Spacing ) Regular Wire of Net n151  ( metal1 )
Bounds : ( 192.900, 154.200 ) ( 193.500, 154.800 )


CUTSPACING: ( Different Layer Cut Spacing ) Regular Wire of Net n365  ( metal1 )
Bounds : ( 195.300, 151.200 ) ( 195.900, 151.800 )


CUTSPACING: ( Different Layer Cut Spacing ) Regular Wire of Net n383  ( metal1 )
Bounds : ( 197.700, 154.200 ) ( 198.300, 154.800 )


CUTSPACING: ( Different Layer Cut Spacing ) Regular Wire of Net n407  ( metal1 )
Bounds : ( 209.700, 154.200 ) ( 210.300, 154.800 )


CUTSPACING: ( Different Layer Cut Spacing ) Regular Wire of Net n364  ( metal1 )
Bounds : ( 212.100, 178.200 ) ( 212.700, 178.800 )


SHORT: ( Out Of Die ) Regular Wire of Net reset  ( metal2 )
Bounds : ( -0.450, 250.050 ) ( 0.000, 250.950 )


CUTSPACING: ( Different Layer Cut Spacing ) Regular Wire of Net reset  ( metal1 )
Bounds : ( 24.900, 235.200 ) ( 25.500, 235.800 )


CUTSPACING: ( Different Layer Cut Spacing ) Regular Wire of Net n600  ( metal1 )
Bounds : ( 39.300, 214.200 ) ( 39.900, 214.800 )


CUTSPACING: ( Different Layer Cut Spacing ) Regular Wire of Net n195  ( metal1 )
Bounds : ( 46.500, 211.200 ) ( 47.100, 211.800 )


CUTSPACING: ( Different Layer Cut Spacing ) Regular Wire of Net n158  ( metal1 )
Bounds : ( 51.300, 238.200 ) ( 51.900, 238.800 )


CUTSPACING: ( Different Layer Cut Spacing ) Regular Wire of Net n73  ( metal1 )
Bounds : ( 51.300, 268.200 ) ( 51.900, 268.800 )


CUTSPACING: ( Different Layer Cut Spacing ) Regular Wire of Net n366  ( metal1 )
Bounds : ( 58.500, 211.200 ) ( 59.100, 211.800 )


CUTSPACING: ( Different Layer Cut Spacing ) Regular Wire of Net n160  ( metal1 )
Bounds : ( 63.300, 235.200 ) ( 63.900, 235.800 )


CUTSPACING: ( Different Layer Cut Spacing ) Regular Wire of Net n158  ( metal1 )
Bounds : ( 68.100, 211.200 ) ( 68.700, 211.800 )


CUTSPACING: ( Different Layer Cut Spacing ) Regular Wire of Net n410  ( metal1 )
Bounds : ( 70.500, 238.200 ) ( 71.100, 238.800 )


CUTSPACING: ( Different Layer Cut Spacing ) Regular Wire of Net n195  ( metal1 )
Bounds : ( 72.900, 211.200 ) ( 73.500, 211.800 )


CUTSPACING: ( Different Layer Cut Spacing ) Regular Wire of Net n158  ( metal1 )
Bounds : ( 72.900, 235.200 ) ( 73.500, 235.800 )


CUTSPACING: ( Different Layer Cut Spacing ) Regular Wire of Net n387  ( metal1 )
Bounds : ( 89.700, 214.200 ) ( 90.300, 214.800 )


CUTSPACING: ( Different Layer Cut Spacing ) Regular Wire of Net n377  ( metal1 )
Bounds : ( 89.700, 235.200 ) ( 90.300, 235.800 )


CUTSPACING: ( Different Layer Cut Spacing ) Regular Wire of Net n388  ( metal1 )
Bounds : ( 92.100, 211.200 ) ( 92.700, 211.800 )


CUTSPACING: ( Different Layer Cut Spacing ) Regular Wire of Net n595 & Regular Wire of Net n378  ( metal1 )
Bounds : ( 92.100, 238.200 ) ( 92.700, 238.800 )


CUTSPACING: ( Different Layer Cut Spacing ) Regular Wire of Net n376  ( metal1 )
Bounds : ( 96.900, 235.200 ) ( 97.500, 235.800 )


CUTSPACING: ( Different Layer Cut Spacing ) Regular Wire of Net n138  ( metal1 )
Bounds : ( 99.300, 214.200 ) ( 99.900, 214.800 )


CUTSPACING: ( Different Layer Cut Spacing ) Regular Wire of Net n387  ( metal1 )
Bounds : ( 104.100, 214.200 ) ( 104.700, 214.800 )


CUTSPACING: ( Different Layer Cut Spacing ) Regular Wire of Net n377  ( metal1 )
Bounds : ( 104.100, 235.200 ) ( 104.700, 235.800 )


CUTSPACING: ( Different Layer Cut Spacing ) Regular Wire of Net n136  ( metal1 )
Bounds : ( 108.900, 214.200 ) ( 109.500, 214.800 )


CUTSPACING: ( Different Layer Cut Spacing ) Regular Wire of Net n154  ( metal1 )
Bounds : ( 108.900, 235.200 ) ( 109.500, 235.800 )


CUTSPACING: ( Different Layer Cut Spacing ) Regular Wire of Net n588  ( metal1 )
Bounds : ( 108.900, 268.200 ) ( 109.500, 268.800 )


CUTSPACING: ( Different Layer Cut Spacing ) Regular Wire of Net n604  ( metal1 )
Bounds : ( 120.900, 214.200 ) ( 121.500, 214.800 )


CUTSPACING: ( Different Layer Cut Spacing ) Regular Wire of Net n195  ( metal1 )
Bounds : ( 128.100, 211.200 ) ( 128.700, 211.800 )


CUTSPACING: ( Different Layer Cut Spacing ) Regular Wire of Net n154  ( metal1 )
Bounds : ( 135.300, 211.200 ) ( 135.900, 211.800 )


CUTSPACING: ( Different Layer Cut Spacing ) Regular Wire of Net n203  ( metal1 )
Bounds : ( 135.300, 265.200 ) ( 135.900, 265.800 )


CUTSPACING: ( Different Layer Cut Spacing ) Regular Wire of Net n195  ( metal1 )
Bounds : ( 140.100, 211.200 ) ( 140.700, 211.800 )


CUTSPACING: ( Different Layer Cut Spacing ) Regular Wire of Net n366 & Regular Wire of Net n140  ( metal1 )
Bounds : ( 72.900, 178.200 ) ( 73.500, 178.800 )


CUTSPACING: ( Different Layer Cut Spacing ) Regular Wire of Net n140  ( metal1 )
Bounds : ( 75.300, 175.200 ) ( 75.900, 175.800 )


CUTSPACING: ( Different Layer Cut Spacing ) Regular Wire of Net n431  ( metal1 )
Bounds : ( 92.100, 154.200 ) ( 92.700, 154.800 )


CUTSPACING: ( Different Layer Cut Spacing ) Regular Wire of Net n432  ( metal1 )
Bounds : ( 94.500, 151.200 ) ( 95.100, 151.800 )


CUTSPACING: ( Different Layer Cut Spacing ) Regular Wire of Net n138  ( metal1 )
Bounds : ( 96.900, 175.200 ) ( 97.500, 175.800 )


CUTSPACING: ( Different Layer Cut Spacing ) Regular Wire of Net n430 & Regular Wire of Net n431  ( metal1 )
Bounds : ( 99.300, 154.200 ) ( 99.900, 154.800 )


CUTSPACING: ( Different Layer Cut Spacing ) Regular Wire of Net n594  ( metal1 )
Bounds : ( 99.300, 178.200 ) ( 99.900, 178.800 )


CUTSPACING: ( Different Layer Cut Spacing ) Regular Wire of Net n441  ( metal1 )
Bounds : ( 101.700, 154.200 ) ( 102.300, 154.800 )


CUTSPACING: ( Different Layer Cut Spacing ) Regular Wire of Net n431  ( metal1 )
Bounds : ( 101.700, 175.200 ) ( 102.300, 175.800 )


CUTSPACING: ( Different Layer Cut Spacing ) Regular Wire of Net n442  ( metal1 )
Bounds : ( 104.100, 151.200 ) ( 104.700, 151.800 )


CUTSPACING: ( Different Layer Cut Spacing ) Regular Wire of Net n594 & Regular Wire of Net n595  ( metal1 )
Bounds : ( 104.100, 178.200 ) ( 104.700, 178.800 )


CUTSPACING: ( Different Layer Cut Spacing ) Regular Wire of Net n136  ( metal1 )
Bounds : ( 106.500, 175.200 ) ( 107.100, 175.800 )


CUTSPACING: ( Different Layer Cut Spacing ) Regular Wire of Net n604  ( metal1 )
Bounds : ( 113.700, 154.200 ) ( 114.300, 154.800 )


CUTSPACING: ( Different Layer Cut Spacing ) Regular Wire of Net n185  ( metal1 )
Bounds : ( 123.300, 154.200 ) ( 123.900, 154.800 )


CUTSPACING: ( Different Layer Cut Spacing ) Regular Wire of Net n604 & Regular Wire of Net n185  ( metal1 )
Bounds : ( 125.700, 154.200 ) ( 126.300, 154.800 )


CUTSPACING: ( Different Layer Cut Spacing ) Regular Wire of Net n138  ( metal1 )
Bounds : ( 125.700, 178.200 ) ( 126.300, 178.800 )


CUTSPACING: ( Different Layer Cut Spacing ) Regular Wire of Net n136  ( metal1 )
Bounds : ( 130.500, 178.200 ) ( 131.100, 178.800 )


CUTSPACING: ( Different Layer Cut Spacing ) Regular Wire of Net n185  ( metal1 )
Bounds : ( 135.300, 154.200 ) ( 135.900, 154.800 )


CUTSPACING: ( Different Layer Cut Spacing ) Regular Wire of Net n136  ( metal1 )
Bounds : ( 135.300, 178.200 ) ( 135.900, 178.800 )


CUTSPACING: ( Different Layer Cut Spacing ) Regular Wire of Net n440 & Regular Wire of Net n193  ( metal1 )
Bounds : ( 140.100, 148.200 ) ( 140.700, 148.800 )


SHORT: ( Cut Short ) Regular Wire of Net n366 & Regular Wire of Net n140  ( metal2 )
Bounds : ( 72.900, 178.200 ) ( 73.500, 178.800 )


SHORT: ( Cut Short ) Regular Wire of Net n430 & Regular Wire of Net n431  ( metal2 )
Bounds : ( 99.300, 154.200 ) ( 99.900, 154.800 )


SHORT: ( Cut Short ) Regular Wire of Net n604 & Regular Wire of Net n185  ( metal2 )
Bounds : ( 123.300, 154.200 ) ( 123.900, 154.800 )


SHORT: ( Cut Short ) Regular Wire of Net n185 & Regular Wire of Net n604  ( metal2 )
Bounds : ( 125.700, 154.200 ) ( 126.300, 154.800 )


CUTSPACING: ( Different Layer Cut Spacing ) Regular Wire of Net n600  ( metal1 )
Bounds : ( 39.300, 178.200 ) ( 39.900, 178.800 )


CUTSPACING: ( Different Layer Cut Spacing ) Regular Wire of Net n600  ( metal1 )
Bounds : ( 41.700, 154.200 ) ( 42.300, 154.800 )


CUTSPACING: ( Different Layer Cut Spacing ) Regular Wire of Net n189  ( metal1 )
Bounds : ( 41.700, 175.200 ) ( 42.300, 175.800 )


CUTSPACING: ( Different Layer Cut Spacing ) Regular Wire of Net n140  ( metal1 )
Bounds : ( 46.500, 178.200 ) ( 47.100, 178.800 )


CUTSPACING: ( Different Layer Cut Spacing ) Regular Wire of Net n193  ( metal1 )
Bounds : ( 56.100, 178.200 ) ( 56.700, 178.800 )


CUTSPACING: ( Different Layer Cut Spacing ) Regular Wire of Net n140  ( metal1 )
Bounds : ( 60.900, 178.200 ) ( 61.500, 178.800 )


CUTSPACING: ( Different Layer Cut Spacing ) Regular Wire of Net n142  ( metal1 )
Bounds : ( 63.300, 154.200 ) ( 63.900, 154.800 )


CUTSPACING: ( Different Layer Cut Spacing ) Regular Wire of Net n602  ( metal1 )
Bounds : ( 63.300, 175.200 ) ( 63.900, 175.800 )


CUTSPACING: ( Different Layer Cut Spacing ) Regular Wire of Net n142  ( metal1 )
Bounds : ( 65.700, 175.200 ) ( 66.300, 175.800 )


CUTSPACING: ( Different Layer Cut Spacing ) Regular Wire of Net n410  ( metal1 )
Bounds : ( 70.500, 151.200 ) ( 71.100, 151.800 )


SHORT: ( Cut Short ) Regular Wire of Net n366 & Regular Wire of Net n388  ( metal2 )
Bounds : ( 70.500, 178.200 ) ( 71.100, 178.800 )


CUTSPACING: ( Different Layer Cut Spacing ) Regular Wire of Net n393  ( metal1 )
Bounds : ( 216.900, 91.200 ) ( 217.500, 91.800 )


CUTSPACING: ( Different Layer Cut Spacing ) Regular Wire of Net n590  ( metal1 )
Bounds : ( 219.300, 121.200 ) ( 219.900, 121.800 )


CUTSPACING: ( Different Layer Cut Spacing ) Regular Wire of Net n588 & Regular Wire of Net n425  ( metal1 )
Bounds : ( 221.700, 61.200 ) ( 222.300, 61.800 )


CUTSPACING: ( Different Layer Cut Spacing ) Regular Wire of Net n590  ( metal1 )
Bounds : ( 221.700, 88.200 ) ( 222.300, 88.800 )


CUTSPACING: ( Different Layer Cut Spacing ) Regular Wire of Net n425  ( metal1 )
Bounds : ( 224.100, 61.200 ) ( 224.700, 61.800 )


CUTSPACING: ( Different Layer Cut Spacing ) Regular Wire of Net n391  ( metal1 )
Bounds : ( 224.100, 88.200 ) ( 224.700, 88.800 )


CUTSPACING: ( Different Layer Cut Spacing ) Regular Wire of Net n601  ( metal1 )
Bounds : ( 238.500, 94.200 ) ( 239.100, 94.800 )


CUTSPACING: ( Different Layer Cut Spacing ) Regular Wire of Net n132  ( metal1 )
Bounds : ( 243.300, 58.200 ) ( 243.900, 58.800 )


CUTSPACING: ( Different Layer Cut Spacing ) Regular Wire of Net n192  ( metal1 )
Bounds : ( 245.700, 91.200 ) ( 246.300, 91.800 )


CUTSPACING: ( Different Layer Cut Spacing ) Regular Wire of Net n400  ( metal1 )
Bounds : ( 248.100, 58.200 ) ( 248.700, 58.800 )


CUTSPACING: ( Different Layer Cut Spacing ) Regular Wire of Net n188 & Regular Wire of Net n601  ( metal1 )
Bounds : ( 248.100, 94.200 ) ( 248.700, 94.800 )


CUTSPACING: ( Different Layer Cut Spacing ) Regular Wire of Net n191  ( metal1 )
Bounds : ( 257.700, 118.200 ) ( 258.300, 118.800 )


CUTSPACING: ( Different Layer Cut Spacing ) Regular Wire of Net n182 & Regular Wire of Net dp_rf_REGS[10]  ( metal1 )
Bounds : ( 260.100, 55.200 ) ( 260.700, 55.800 )


CUTSPACING: ( Different Layer Cut Spacing ) Regular Wire of Net n150  ( metal1 )
Bounds : ( 269.700, 91.200 ) ( 270.300, 91.800 )


CUTSPACING: ( Different Layer Cut Spacing ) Regular Wire of Net dp_rf_REGS[12]  ( metal1 )
Bounds : ( 279.300, 94.200 ) ( 279.900, 94.800 )


CUTSPACING: ( Different Layer Cut Spacing ) Regular Wire of Net n150  ( metal1 )
Bounds : ( 281.700, 91.200 ) ( 282.300, 91.800 )


CUTSPACING: ( Different Layer Cut Spacing ) Regular Wire of Net n384  ( metal1 )
Bounds : ( 284.100, 112.200 ) ( 284.700, 112.800 )


SHORT: ( Cut Short ) Regular Wire of Net n391 & Regular Wire of Net n590  ( metal2 )
Bounds : ( 221.700, 88.200 ) ( 222.300, 88.800 )


CUTSPACING: ( Different Layer Cut Spacing ) Regular Wire of Net n602  ( metal1 )
Bounds : ( 144.900, 94.200 ) ( 145.500, 94.800 )


CUTSPACING: ( Different Layer Cut Spacing ) Regular Wire of Net n192  ( metal1 )
Bounds : ( 152.100, 91.200 ) ( 152.700, 91.800 )


CUTSPACING: ( Different Layer Cut Spacing ) Regular Wire of Net n187 & Regular Wire of Net n602  ( metal1 )
Bounds : ( 154.500, 94.200 ) ( 155.100, 94.800 )


CUTSPACING: ( Different Layer Cut Spacing ) Regular Wire of Net n192  ( metal1 )
Bounds : ( 159.300, 91.200 ) ( 159.900, 91.800 )


CUTSPACING: ( Different Layer Cut Spacing ) Regular Wire of Net n600  ( metal1 )
Bounds : ( 166.500, 94.200 ) ( 167.100, 94.800 )


CUTSPACING: ( Different Layer Cut Spacing ) Regular Wire of Net n147  ( metal1 )
Bounds : ( 171.300, 91.200 ) ( 171.900, 91.800 )


CUTSPACING: ( Different Layer Cut Spacing ) Regular Wire of Net n151  ( metal1 )
Bounds : ( 173.700, 118.200 ) ( 174.300, 118.800 )


CUTSPACING: ( Different Layer Cut Spacing ) Regular Wire of Net n194 & Regular Wire of Net n147  ( metal1 )
Bounds : ( 176.100, 91.200 ) ( 176.700, 91.800 )


CUTSPACING: ( Different Layer Cut Spacing ) Regular Wire of Net n600  ( metal1 )
Bounds : ( 176.100, 115.200 ) ( 176.700, 115.800 )


CUTSPACING: ( Different Layer Cut Spacing ) Regular Wire of Net n147  ( metal1 )
Bounds : ( 180.900, 94.200 ) ( 181.500, 94.800 )


CUTSPACING: ( Different Layer Cut Spacing ) Regular Wire of Net n597  ( metal1 )
Bounds : ( 183.300, 91.200 ) ( 183.900, 91.800 )


CUTSPACING: ( Different Layer Cut Spacing ) Regular Wire of Net n365  ( metal1 )
Bounds : ( 185.700, 118.200 ) ( 186.300, 118.800 )


CUTSPACING: ( Different Layer Cut Spacing ) Regular Wire of Net n598  ( metal1 )
Bounds : ( 188.100, 91.200 ) ( 188.700, 91.800 )


CUTSPACING: ( Different Layer Cut Spacing ) Regular Wire of Net n393  ( metal1 )
Bounds : ( 188.100, 115.200 ) ( 188.700, 115.800 )


CUTSPACING: ( Different Layer Cut Spacing ) Regular Wire of Net n145 & Regular Wire of Net n133  ( metal1 )
Bounds : ( 190.500, 94.200 ) ( 191.100, 94.800 )


CUTSPACING: ( Different Layer Cut Spacing ) Regular Wire of Net n366  ( metal1 )
Bounds : ( 190.500, 118.200 ) ( 191.100, 118.800 )


CUTSPACING: ( Different Layer Cut Spacing ) Regular Wire of Net n133  ( metal1 )
Bounds : ( 192.900, 94.200 ) ( 193.500, 94.800 )


CUTSPACING: ( Different Layer Cut Spacing ) Regular Wire of Net n598 & Regular Wire of Net n409  ( metal1 )
Bounds : ( 195.300, 91.200 ) ( 195.900, 91.800 )


CUTSPACING: ( Different Layer Cut Spacing ) Regular Wire of Net n437  ( metal1 )
Bounds : ( 197.700, 94.200 ) ( 198.300, 94.800 )


CUTSPACING: ( Different Layer Cut Spacing ) Regular Wire of Net n393 & Regular Wire of Net n382  ( metal1 )
Bounds : ( 212.100, 115.200 ) ( 212.700, 115.800 )


CUTSPACING: ( Different Layer Cut Spacing ) Regular Wire of Net n383  ( metal1 )
Bounds : ( 214.500, 118.200 ) ( 215.100, 118.800 )


SHORT: ( Cut Short ) Regular Wire of Net n187 & Regular Wire of Net n602  ( metal2 )
Bounds : ( 154.500, 94.200 ) ( 155.100, 94.800 )


SHORT: ( Cut Short ) Regular Wire of Net n145 & Regular Wire of Net n133  ( metal2 )
Bounds : ( 190.500, 94.200 ) ( 191.100, 94.800 )


SHORT: ( Cut Short ) Regular Wire of Net n409 & Regular Wire of Net n598  ( metal2 )
Bounds : ( 195.300, 91.200 ) ( 195.900, 91.800 )


SHORT: ( Cut Short ) Regular Wire of Net n393 & Regular Wire of Net n382  ( metal2 )
Bounds : ( 212.100, 115.200 ) ( 212.700, 115.800 )


CUTSPACING: ( Different Layer Cut Spacing ) Regular Wire of Net n192  ( metal1 )
Bounds : ( 152.100, 58.200 ) ( 152.700, 58.800 )


CUTSPACING: ( Different Layer Cut Spacing ) Regular Wire of Net n145  ( metal1 )
Bounds : ( 166.500, 58.200 ) ( 167.100, 58.800 )


CUTSPACING: ( Different Layer Cut Spacing ) Regular Wire of Net n147  ( metal1 )
Bounds : ( 173.700, 58.200 ) ( 174.300, 58.800 )


CUTSPACING: ( Different Layer Cut Spacing ) Regular Wire of Net n145  ( metal1 )
Bounds : ( 180.900, 58.200 ) ( 181.500, 58.800 )


CUTSPACING: ( Different Layer Cut Spacing ) Regular Wire of Net n147  ( metal1 )
Bounds : ( 183.300, 55.200 ) ( 183.900, 55.800 )


CUTSPACING: ( Different Layer Cut Spacing ) Regular Wire of Net n594  ( metal1 )
Bounds : ( 185.700, 58.200 ) ( 186.300, 58.800 )


CUTSPACING: ( Different Layer Cut Spacing ) Regular Wire of Net n426 & Regular Wire of Net n145  ( metal1 )
Bounds : ( 188.100, 55.200 ) ( 188.700, 55.800 )


CUTSPACING: ( Different Layer Cut Spacing ) Regular Wire of Net n595  ( metal1 )
Bounds : ( 190.500, 58.200 ) ( 191.100, 58.800 )


CUTSPACING: ( Different Layer Cut Spacing ) Regular Wire of Net n145  ( metal1 )
Bounds : ( 192.900, 55.200 ) ( 193.500, 55.800 )


SHORT: ( Cut Short ) Regular Wire of Net n594 & Regular Wire of Net n595  ( metal2 )
Bounds : ( 190.500, 58.200 ) ( 191.100, 58.800 )


SHORT: ( Out Of Die ) Regular Wire of Net memread  ( metal2 )
Bounds : ( 197.550, -0.450 ) ( 198.450, 0.000 )


CUTSPACING: ( Different Layer Cut Spacing ) Regular Wire of Net n192  ( metal1 )
Bounds : ( 161.700, 31.200 ) ( 162.300, 31.800 )


CUTSPACING: ( Different Layer Cut Spacing ) Regular Wire of Net n606  ( metal1 )
Bounds : ( 168.900, 34.200 ) ( 169.500, 34.800 )


CUTSPACING: ( Different Layer Cut Spacing ) Regular Wire of Net n597  ( metal1 )
Bounds : ( 178.500, 31.200 ) ( 179.100, 31.800 )


CUTSPACING: ( Different Layer Cut Spacing ) Regular Wire of Net n598  ( metal1 )
Bounds : ( 183.300, 31.200 ) ( 183.900, 31.800 )


CUTSPACING: ( Different Layer Cut Spacing ) Regular Wire of Net n595  ( metal1 )
Bounds : ( 195.300, 31.200 ) ( 195.900, 31.800 )


CUTSPACING: ( Different Layer Cut Spacing ) Regular Wire of Net n437  ( metal1 )
Bounds : ( 216.900, 31.200 ) ( 217.500, 31.800 )


CUTSPACING: ( Different Layer Cut Spacing ) Regular Wire of Net n588 & Regular Wire of Net n435  ( metal1 )
Bounds : ( 221.700, 28.200 ) ( 222.300, 28.800 )


CUTSPACING: ( Different Layer Cut Spacing ) Regular Wire of Net n588 & Regular Wire of Net n435  ( metal1 )
Bounds : ( 221.700, 34.200 ) ( 222.300, 34.800 )


CUTSPACING: ( Different Layer Cut Spacing ) Regular Wire of Net n435  ( metal1 )
Bounds : ( 224.100, 28.200 ) ( 224.700, 28.800 )


CUTSPACING: ( Different Layer Cut Spacing ) Regular Wire of Net n444  ( metal1 )
Bounds : ( 243.300, 31.200 ) ( 243.900, 31.800 )


CUTSPACING: ( Different Layer Cut Spacing ) Regular Wire of Net dp_rf_REGS[8]  ( metal1 )
Bounds : ( 248.100, 34.200 ) ( 248.700, 34.800 )


CUTSPACING: ( Different Layer Cut Spacing ) Regular Wire of Net dp_rf_REGS[8]  ( metal1 )
Bounds : ( 252.900, 34.200 ) ( 253.500, 34.800 )


CUTSPACING: ( Different Layer Cut Spacing ) Regular Wire of Net n114  ( metal1 )
Bounds : ( 255.300, 31.200 ) ( 255.900, 31.800 )


CUTSPACING: ( Different Layer Cut Spacing ) Regular Wire of Net n593  ( metal1 )
Bounds : ( 257.700, 31.200 ) ( 258.300, 31.800 )


CUTSPACING: ( Different Layer Cut Spacing ) Regular Wire of Net n438  ( metal1 )
Bounds : ( 264.900, 37.200 ) ( 265.500, 37.800 )


CUTSPACING: ( Different Layer Cut Spacing ) Regular Wire of Net n593  ( metal1 )
Bounds : ( 276.900, 31.200 ) ( 277.500, 31.800 )


CUTSPACING: ( Different Layer Cut Spacing ) Regular Wire of Net dp_rf_REGS[12]  ( metal1 )
Bounds : ( 279.300, 34.200 ) ( 279.900, 34.800 )


CUTSPACING: ( Different Layer Cut Spacing ) Regular Wire of Net n404  ( metal1 )
Bounds : ( 248.100, 52.200 ) ( 248.700, 52.800 )


CUTSPACING: ( Different Layer Cut Spacing ) Regular Wire of Net n113  ( metal1 )
Bounds : ( 72.900, 55.200 ) ( 73.500, 55.800 )


CUTSPACING: ( Different Layer Cut Spacing ) Regular Wire of Net n366  ( metal1 )
Bounds : ( 72.900, 118.200 ) ( 73.500, 118.800 )


CUTSPACING: ( Different Layer Cut Spacing ) Regular Wire of Net n402  ( metal1 )
Bounds : ( 89.700, 55.200 ) ( 90.300, 55.800 )


CUTSPACING: ( Different Layer Cut Spacing ) Regular Wire of Net n397  ( metal1 )
Bounds : ( 89.700, 115.200 ) ( 90.300, 115.800 )


CUTSPACING: ( Different Layer Cut Spacing ) Regular Wire of Net n398  ( metal1 )
Bounds : ( 92.100, 118.200 ) ( 92.700, 118.800 )


CUTSPACING: ( Different Layer Cut Spacing ) Regular Wire of Net n590  ( metal1 )
Bounds : ( 96.900, 61.200 ) ( 97.500, 61.800 )


CUTSPACING: ( Different Layer Cut Spacing ) Regular Wire of Net n396  ( metal1 )
Bounds : ( 96.900, 115.200 ) ( 97.500, 115.800 )


CUTSPACING: ( Different Layer Cut Spacing ) Regular Wire of Net n590  ( metal1 )
Bounds : ( 96.900, 121.200 ) ( 97.500, 121.800 )


CUTSPACING: ( Different Layer Cut Spacing ) Regular Wire of Net n397  ( metal1 )
Bounds : ( 101.700, 94.200 ) ( 102.300, 94.800 )


CUTSPACING: ( Different Layer Cut Spacing ) Regular Wire of Net n594  ( metal1 )
Bounds : ( 101.700, 118.200 ) ( 102.300, 118.800 )


CUTSPACING: ( Different Layer Cut Spacing ) Regular Wire of Net n402  ( metal1 )
Bounds : ( 104.100, 55.200 ) ( 104.700, 55.800 )


CUTSPACING: ( Different Layer Cut Spacing ) Regular Wire of Net n441  ( metal1 )
Bounds : ( 104.100, 115.200 ) ( 104.700, 115.800 )


CUTSPACING: ( Different Layer Cut Spacing ) Regular Wire of Net n598  ( metal1 )
Bounds : ( 106.500, 58.200 ) ( 107.100, 58.800 )


CUTSPACING: ( Different Layer Cut Spacing ) Regular Wire of Net n118  ( metal1 )
Bounds : ( 106.500, 94.200 ) ( 107.100, 94.800 )


CUTSPACING: ( Different Layer Cut Spacing ) Regular Wire of Net n118  ( metal1 )
Bounds : ( 108.900, 115.200 ) ( 109.500, 115.800 )


CUTSPACING: ( Different Layer Cut Spacing ) Regular Wire of Net n604  ( metal1 )
Bounds : ( 113.700, 55.200 ) ( 114.300, 55.800 )


CUTSPACING: ( Different Layer Cut Spacing ) Regular Wire of Net n185  ( metal1 )
Bounds : ( 120.900, 58.200 ) ( 121.500, 58.800 )


CUTSPACING: ( Different Layer Cut Spacing ) Regular Wire of Net n118  ( metal1 )
Bounds : ( 120.900, 91.200 ) ( 121.500, 91.800 )


CUTSPACING: ( Different Layer Cut Spacing ) Regular Wire of Net n604 & Regular Wire of Net n182  ( metal1 )
Bounds : ( 123.300, 55.200 ) ( 123.900, 55.800 )


CUTSPACING: ( Different Layer Cut Spacing ) Regular Wire of Net n606  ( metal1 )
Bounds : ( 123.300, 94.200 ) ( 123.900, 94.800 )


CUTSPACING: ( Different Layer Cut Spacing ) Regular Wire of Net n118  ( metal1 )
Bounds : ( 125.700, 91.200 ) ( 126.300, 91.800 )


CUTSPACING: ( Different Layer Cut Spacing ) Regular Wire of Net n191  ( metal1 )
Bounds : ( 130.500, 91.200 ) ( 131.100, 91.800 )


CUTSPACING: ( Different Layer Cut Spacing ) Regular Wire of Net n606 & Regular Wire of Net n183  ( metal1 )
Bounds : ( 132.900, 94.200 ) ( 133.500, 94.800 )


SHORT: ( Cut Short ) Regular Wire of Net n182 & Regular Wire of Net n604  ( metal2 )
Bounds : ( 123.300, 55.200 ) ( 123.900, 55.800 )


SHORT: ( Out Of Die ) Regular Wire of Net clk  ( metal2 )
Bounds : ( -0.450, 100.050 ) ( 0.000, 100.950 )


CUTSPACING: ( Different Layer Cut Spacing ) Regular Wire of Net n600  ( metal1 )
Bounds : ( 41.700, 94.200 ) ( 42.300, 94.800 )


CUTSPACING: ( Different Layer Cut Spacing ) Regular Wire of Net n602  ( metal1 )
Bounds : ( 44.100, 115.200 ) ( 44.700, 115.800 )


CUTSPACING: ( Different Layer Cut Spacing ) Regular Wire of Net n182 & Regular Wire of Net n187  ( metal1 )
Bounds : ( 48.900, 58.200 ) ( 49.500, 58.800 )


CUTSPACING: ( Different Layer Cut Spacing ) Regular Wire of Net n189  ( metal1 )
Bounds : ( 48.900, 91.200 ) ( 49.500, 91.800 )


CUTSPACING: ( Different Layer Cut Spacing ) Regular Wire of Net n182  ( metal1 )
Bounds : ( 51.300, 94.200 ) ( 51.900, 94.800 )


CUTSPACING: ( Different Layer Cut Spacing ) Regular Wire of Net n191  ( metal1 )
Bounds : ( 51.300, 118.200 ) ( 51.900, 118.800 )


CUTSPACING: ( Different Layer Cut Spacing ) Regular Wire of Net n122  ( metal1 )
Bounds : ( 58.500, 115.200 ) ( 59.100, 115.800 )


CUTSPACING: ( Different Layer Cut Spacing ) Regular Wire of Net n124  ( metal1 )
Bounds : ( 60.900, 91.200 ) ( 61.500, 91.800 )


CUTSPACING: ( Different Layer Cut Spacing ) Regular Wire of Net n410  ( metal1 )
Bounds : ( 60.900, 118.200 ) ( 61.500, 118.800 )


CUTSPACING: ( Different Layer Cut Spacing ) Regular Wire of Net n115  ( metal1 )
Bounds : ( 63.300, 55.200 ) ( 63.900, 55.800 )


CUTSPACING: ( Different Layer Cut Spacing ) Regular Wire of Net n600  ( metal1 )
Bounds : ( 63.300, 94.200 ) ( 63.900, 94.800 )


CUTSPACING: ( Different Layer Cut Spacing ) Regular Wire of Net n365  ( metal1 )
Bounds : ( 65.700, 58.200 ) ( 66.300, 58.800 )


CUTSPACING: ( Different Layer Cut Spacing ) Regular Wire of Net n124  ( metal1 )
Bounds : ( 65.700, 91.200 ) ( 66.300, 91.800 )


CUTSPACING: ( Different Layer Cut Spacing ) Regular Wire of Net n403  ( metal1 )
Bounds : ( 68.100, 55.200 ) ( 68.700, 55.800 )


CUTSPACING: ( Different Layer Cut Spacing ) Regular Wire of Net n191  ( metal1 )
Bounds : ( 70.500, 91.200 ) ( 71.100, 91.800 )


CUTSPACING: ( Different Layer Cut Spacing ) Regular Wire of Net n122  ( metal1 )
Bounds : ( 70.500, 115.200 ) ( 71.100, 115.800 )


SHORT: ( Cut Short ) Regular Wire of Net n122 & Regular Wire of Net n602  ( metal2 )
Bounds : ( 41.700, 115.200 ) ( 42.300, 115.800 )


SHORT: ( Cut Short ) Regular Wire of Net n187 & Regular Wire of Net n182  ( metal2 )
Bounds : ( 48.900, 58.200 ) ( 49.500, 58.800 )


SHORT: ( Cut Short ) Regular Wire of Net n403 & Regular Wire of Net n113  ( metal2 )
Bounds : ( 68.100, 55.200 ) ( 68.700, 55.800 )


CUTSPACING: ( Different Layer Cut Spacing ) Regular Wire of Net n113  ( metal1 )
Bounds : ( 41.700, 31.200 ) ( 42.300, 31.800 )


CUTSPACING: ( Different Layer Cut Spacing ) Regular Wire of Net n115  ( metal1 )
Bounds : ( 46.500, 31.200 ) ( 47.100, 31.800 )


CUTSPACING: ( Different Layer Cut Spacing ) Regular Wire of Net n409  ( metal1 )
Bounds : ( 58.500, 31.200 ) ( 59.100, 31.800 )


CUTSPACING: ( Different Layer Cut Spacing ) Regular Wire of Net n452  ( metal1 )
Bounds : ( 75.300, 31.200 ) ( 75.900, 31.800 )


CUTSPACING: ( Different Layer Cut Spacing ) Regular Wire of Net n588 & Regular Wire of Net n445  ( metal1 )
Bounds : ( 80.100, 28.200 ) ( 80.700, 28.800 )


CUTSPACING: ( Different Layer Cut Spacing ) Regular Wire of Net n445  ( metal1 )
Bounds : ( 82.500, 28.200 ) ( 83.100, 28.800 )


CUTSPACING: ( Different Layer Cut Spacing ) Regular Wire of Net n444  ( metal1 )
Bounds : ( 87.300, 31.200 ) ( 87.900, 31.800 )


CUTSPACING: ( Different Layer Cut Spacing ) Regular Wire of Net n588  ( metal1 )
Bounds : ( 89.700, 34.200 ) ( 90.300, 34.800 )


CUTSPACING: ( Different Layer Cut Spacing ) Regular Wire of Net n111  ( metal1 )
Bounds : ( 96.900, 31.200 ) ( 97.500, 31.800 )


CUTSPACING: ( Different Layer Cut Spacing ) Regular Wire of Net n111  ( metal1 )
Bounds : ( 99.300, 34.200 ) ( 99.900, 34.800 )


CUTSPACING: ( Different Layer Cut Spacing ) Regular Wire of Net n111 & Regular Wire of Net n594  ( metal1 )
Bounds : ( 101.700, 31.200 ) ( 102.300, 31.800 )


CUTSPACING: ( Different Layer Cut Spacing ) Regular Wire of Net n109  ( metal1 )
Bounds : ( 108.900, 34.200 ) ( 109.500, 34.800 )


CUTSPACING: ( Different Layer Cut Spacing ) Regular Wire of Net n109  ( metal1 )
Bounds : ( 113.700, 31.200 ) ( 114.300, 31.800 )


CUTSPACING: ( Different Layer Cut Spacing ) Regular Wire of Net n606  ( metal1 )
Bounds : ( 125.700, 34.200 ) ( 126.300, 34.800 )


CUTSPACING: ( Different Layer Cut Spacing ) Regular Wire of Net n109  ( metal1 )
Bounds : ( 128.100, 31.200 ) ( 128.700, 31.800 )


SHORT: ( Cut Short ) Regular Wire of Net n113 & Regular Wire of Net n409  ( metal2 )
Bounds : ( 65.700, 31.200 ) ( 66.300, 31.800 )


SHORT: ( Cut Short ) Regular Wire of Net n588 & Regular Wire of Net n445  ( metal2 )
Bounds : ( 80.100, 28.200 ) ( 80.700, 28.800 )


CUTSPACING: ( Different Layer Cut Spacing ) Regular Wire of Net n119  ( metal1 )
Bounds : ( 288.900, 154.200 ) ( 289.500, 154.800 )


  Total Violations : 1000 Viols.
