###############################################################
#  Generated by:      Cadence Innovus 18.10-p002_1
#  OS:                Linux x86_64(Host ID vlsi.seas.gwu.edu)
#  Generated on:      Wed Apr 29 18:55:39 2026
#  Design:            mips
#  Command:           verify_drc -report drc_quick.rpt
###############################################################

CUTSPACING: ( Different Layer Cut Spacing ) Regular Wire of Net n196  ( metal1 )
Bounds : ( 591.300, 631.200 ) ( 591.900, 631.800 )


CUTSPACING: ( Different Layer Cut Spacing ) Regular Wire of Net n164  ( metal1 )
Bounds : ( 591.300, 718.200 ) ( 591.900, 718.800 )


CUTSPACING: ( Different Layer Cut Spacing ) Regular Wire of Net n186  ( metal1 )
Bounds : ( 593.700, 634.200 ) ( 594.300, 634.800 )


CUTSPACING: ( Different Layer Cut Spacing ) Regular Wire of Net n196  ( metal1 )
Bounds : ( 600.900, 718.200 ) ( 601.500, 718.800 )


CUTSPACING: ( Different Layer Cut Spacing ) Regular Wire of Net n164  ( metal1 )
Bounds : ( 605.700, 718.200 ) ( 606.300, 718.800 )


CUTSPACING: ( Different Layer Cut Spacing ) Regular Wire of Net n605  ( metal1 )
Bounds : ( 608.100, 715.200 ) ( 608.700, 715.800 )


CUTSPACING: ( Different Layer Cut Spacing ) Regular Wire of Net clk  ( metal1 )
Bounds : ( 608.100, 754.200 ) ( 608.700, 754.800 )


CUTSPACING: ( Different Layer Cut Spacing ) Regular Wire of Net n186  ( metal1 )
Bounds : ( 612.900, 634.200 ) ( 613.500, 634.800 )


CUTSPACING: ( Different Layer Cut Spacing ) Regular Wire of Net dp_rf_REGS[29]  ( metal1 )
Bounds : ( 612.900, 691.200 ) ( 613.500, 691.800 )


CUTSPACING: ( Different Layer Cut Spacing ) Regular Wire of Net n130  ( metal1 )
Bounds : ( 615.300, 595.200 ) ( 615.900, 595.800 )


CUTSPACING: ( Different Layer Cut Spacing ) Regular Wire of Net dp_rf_REGS[25]  ( metal1 )
Bounds : ( 615.300, 658.200 ) ( 615.900, 658.800 )


CUTSPACING: ( Different Layer Cut Spacing ) Regular Wire of Net n597  ( metal1 )
Bounds : ( 617.700, 598.200 ) ( 618.300, 598.800 )


CUTSPACING: ( Different Layer Cut Spacing ) Regular Wire of Net n128 & Regular Wire of Net n394  ( metal1 )
Bounds : ( 620.100, 595.200 ) ( 620.700, 595.800 )


CUTSPACING: ( Different Layer Cut Spacing ) Regular Wire of Net n130  ( metal1 )
Bounds : ( 620.100, 631.200 ) ( 620.700, 631.800 )


CUTSPACING: ( Different Layer Cut Spacing ) Regular Wire of Net n603  ( metal1 )
Bounds : ( 622.500, 634.200 ) ( 623.100, 634.800 )


CUTSPACING: ( Different Layer Cut Spacing ) Regular Wire of Net n128  ( metal1 )
Bounds : ( 624.900, 595.200 ) ( 625.500, 595.800 )


CUTSPACING: ( Different Layer Cut Spacing ) Regular Wire of Net n130  ( metal1 )
Bounds : ( 624.900, 691.200 ) ( 625.500, 691.800 )


CUTSPACING: ( Different Layer Cut Spacing ) Regular Wire of Net test_se  ( metal1 )
Bounds : ( 629.700, 751.200 ) ( 630.300, 751.800 )


CUTSPACING: ( Different Layer Cut Spacing ) Regular Wire of Net n192  ( metal1 )
Bounds : ( 632.100, 691.200 ) ( 632.700, 691.800 )


CUTSPACING: ( Different Layer Cut Spacing ) Regular Wire of Net test_se  ( metal1 )
Bounds : ( 632.100, 751.200 ) ( 632.700, 751.800 )


CUTSPACING: ( Different Layer Cut Spacing ) Regular Wire of Net n128 & Regular Wire of Net n192  ( metal1 )
Bounds : ( 636.900, 691.200 ) ( 637.500, 691.800 )


CUTSPACING: ( Different Layer Cut Spacing ) Regular Wire of Net dp_rf_REGS[47]  ( metal1 )
Bounds : ( 495.300, 715.200 ) ( 495.900, 715.800 )


CUTSPACING: ( Different Layer Cut Spacing ) Regular Wire of Net n103  ( metal1 )
Bounds : ( 497.700, 691.200 ) ( 498.300, 691.800 )


CUTSPACING: ( Different Layer Cut Spacing ) Regular Wire of Net n101  ( metal1 )
Bounds : ( 497.700, 718.200 ) ( 498.300, 718.800 )


CUTSPACING: ( Different Layer Cut Spacing ) Regular Wire of Net n605  ( metal1 )
Bounds : ( 512.100, 715.200 ) ( 512.700, 715.800 )


CUTSPACING: ( Different Layer Cut Spacing ) Regular Wire of Net clk  ( metal1 )
Bounds : ( 512.100, 754.200 ) ( 512.700, 754.800 )


CUTSPACING: ( Different Layer Cut Spacing ) Regular Wire of Net n103  ( metal1 )
Bounds : ( 514.500, 691.200 ) ( 515.100, 691.800 )


CUTSPACING: ( Different Layer Cut Spacing ) Regular Wire of Net n101  ( metal1 )
Bounds : ( 514.500, 718.200 ) ( 515.100, 718.800 )


CUTSPACING: ( Different Layer Cut Spacing ) Regular Wire of Net dp_rf_REGS[31]  ( metal1 )
Bounds : ( 528.900, 700.200 ) ( 529.500, 700.800 )


CUTSPACING: ( Different Layer Cut Spacing ) Regular Wire of Net test_se  ( metal1 )
Bounds : ( 533.700, 751.200 ) ( 534.300, 751.800 )


CUTSPACING: ( Different Layer Cut Spacing ) Regular Wire of Net test_se  ( metal1 )
Bounds : ( 536.100, 751.200 ) ( 536.700, 751.800 )


CUTSPACING: ( Different Layer Cut Spacing ) Regular Wire of Net n524  ( metal1 )
Bounds : ( 538.500, 751.200 ) ( 539.100, 751.800 )


CUTSPACING: ( Different Layer Cut Spacing ) Regular Wire of Net n184 & Regular Wire of Net n524  ( metal1 )
Bounds : ( 545.700, 715.200 ) ( 546.300, 715.800 )


CUTSPACING: ( Different Layer Cut Spacing ) Regular Wire of Net n524 & Regular Wire of Net dp_rf_REGS[40]  ( metal1 )
Bounds : ( 545.700, 751.200 ) ( 546.300, 751.800 )


CUTSPACING: ( Different Layer Cut Spacing ) Regular Wire of Net n191  ( metal1 )
Bounds : ( 548.100, 718.200 ) ( 548.700, 718.800 )


CUTSPACING: ( Different Layer Cut Spacing ) Regular Wire of Net n524  ( metal1 )
Bounds : ( 550.500, 715.200 ) ( 551.100, 715.800 )


CUTSPACING: ( Different Layer Cut Spacing ) Regular Wire of Net n605  ( metal1 )
Bounds : ( 555.300, 715.200 ) ( 555.900, 715.800 )


CUTSPACING: ( Different Layer Cut Spacing ) Regular Wire of Net clk  ( metal1 )
Bounds : ( 557.700, 754.200 ) ( 558.300, 754.800 )


CUTSPACING: ( Different Layer Cut Spacing ) Regular Wire of Net dp_rf_REGS[30]  ( metal1 )
Bounds : ( 564.900, 691.200 ) ( 565.500, 691.800 )


CUTSPACING: ( Different Layer Cut Spacing ) Regular Wire of Net n480 & Regular Wire of Net dp_rf_REGS[30]  ( metal1 )
Bounds : ( 572.100, 691.200 ) ( 572.700, 691.800 )


CUTSPACING: ( Different Layer Cut Spacing ) Regular Wire of Net dp_rf_REGS[30]  ( metal1 )
Bounds : ( 576.900, 700.200 ) ( 577.500, 700.800 )


CUTSPACING: ( Different Layer Cut Spacing ) Regular Wire of Net dp_rf_REGS[48]  ( metal1 )
Bounds : ( 401.700, 715.200 ) ( 402.300, 715.800 )


CUTSPACING: ( Different Layer Cut Spacing ) Regular Wire of Net n109  ( metal1 )
Bounds : ( 404.100, 718.200 ) ( 404.700, 718.800 )


CUTSPACING: ( Different Layer Cut Spacing ) Regular Wire of Net n182  ( metal1 )
Bounds : ( 418.500, 694.200 ) ( 419.100, 694.800 )


CUTSPACING: ( Different Layer Cut Spacing ) Regular Wire of Net n532  ( metal1 )
Bounds : ( 435.300, 751.200 ) ( 435.900, 751.800 )


CUTSPACING: ( Different Layer Cut Spacing ) Regular Wire of Net dp_rf_REGS[32] & Regular Wire of Net n531  ( metal1 )
Bounds : ( 437.700, 694.200 ) ( 438.300, 694.800 )


CUTSPACING: ( Different Layer Cut Spacing ) Regular Wire of Net test_se  ( metal1 )
Bounds : ( 437.700, 751.200 ) ( 438.300, 751.800 )


CUTSPACING: ( Different Layer Cut Spacing ) Regular Wire of Net test_se  ( metal1 )
Bounds : ( 440.100, 751.200 ) ( 440.700, 751.800 )


CUTSPACING: ( Different Layer Cut Spacing ) Regular Wire of Net clk  ( metal1 )
Bounds : ( 442.500, 715.200 ) ( 443.100, 715.800 )


CUTSPACING: ( Different Layer Cut Spacing ) Regular Wire of Net n531  ( metal1 )
Bounds : ( 442.500, 751.200 ) ( 443.100, 751.800 )


CUTSPACING: ( Different Layer Cut Spacing ) Regular Wire of Net test_se & Regular Wire of Net dp_rf_REGS[39]  ( metal1 )
Bounds : ( 449.700, 751.200 ) ( 450.300, 751.800 )


CUTSPACING: ( Different Layer Cut Spacing ) Regular Wire of Net clk  ( metal1 )
Bounds : ( 461.700, 754.200 ) ( 462.300, 754.800 )


CUTSPACING: ( Different Layer Cut Spacing ) Regular Wire of Net test_se  ( metal1 )
Bounds : ( 464.100, 718.200 ) ( 464.700, 718.800 )


CUTSPACING: ( Different Layer Cut Spacing ) Regular Wire of Net n184  ( metal1 )
Bounds : ( 468.900, 691.200 ) ( 469.500, 691.800 )


CUTSPACING: ( Different Layer Cut Spacing ) Regular Wire of Net n531  ( metal1 )
Bounds : ( 471.300, 694.200 ) ( 471.900, 694.800 )


CUTSPACING: ( Different Layer Cut Spacing ) Regular Wire of Net n605  ( metal1 )
Bounds : ( 476.100, 694.200 ) ( 476.700, 694.800 )


CUTSPACING: ( Different Layer Cut Spacing ) Regular Wire of Net n104  ( metal1 )
Bounds : ( 394.500, 598.200 ) ( 395.100, 598.800 )


CUTSPACING: ( Different Layer Cut Spacing ) Regular Wire of Net dp_rf_REGS[55]  ( metal1 )
Bounds : ( 396.900, 649.200 ) ( 397.500, 649.800 )


CUTSPACING: ( Different Layer Cut Spacing ) Regular Wire of Net n532  ( metal1 )
Bounds : ( 413.700, 655.200 ) ( 414.300, 655.800 )


CUTSPACING: ( Different Layer Cut Spacing ) Regular Wire of Net n102  ( metal1 )
Bounds : ( 416.100, 595.200 ) ( 416.700, 595.800 )


CUTSPACING: ( Different Layer Cut Spacing ) Regular Wire of Net n594  ( metal1 )
Bounds : ( 418.500, 598.200 ) ( 419.100, 598.800 )


CUTSPACING: ( Different Layer Cut Spacing ) Regular Wire of Net n595  ( metal1 )
Bounds : ( 423.300, 598.200 ) ( 423.900, 598.800 )


CUTSPACING: ( Different Layer Cut Spacing ) Regular Wire of Net n109 & Regular Wire of Net n451  ( metal1 )
Bounds : ( 425.700, 634.200 ) ( 426.300, 634.800 )


CUTSPACING: ( Different Layer Cut Spacing ) Regular Wire of Net n451 & Regular Wire of Net n109  ( metal1 )
Bounds : ( 430.500, 634.200 ) ( 431.100, 634.800 )


CUTSPACING: ( Different Layer Cut Spacing ) Regular Wire of Net test_se  ( metal1 )
Bounds : ( 432.900, 598.200 ) ( 433.500, 598.800 )


CUTSPACING: ( Different Layer Cut Spacing ) Regular Wire of Net n529  ( metal1 )
Bounds : ( 435.300, 658.200 ) ( 435.900, 658.800 )


CUTSPACING: ( Different Layer Cut Spacing ) Regular Wire of Net dp_rf_REGS[23]  ( metal1 )
Bounds : ( 442.500, 658.200 ) ( 443.100, 658.800 )


CUTSPACING: ( Different Layer Cut Spacing ) Regular Wire of Net n597  ( metal1 )
Bounds : ( 452.100, 631.200 ) ( 452.700, 631.800 )


CUTSPACING: ( Different Layer Cut Spacing ) Regular Wire of Net clk  ( metal1 )
Bounds : ( 454.500, 595.200 ) ( 455.100, 595.800 )


CUTSPACING: ( Different Layer Cut Spacing ) Regular Wire of Net clk  ( metal1 )
Bounds : ( 454.500, 655.200 ) ( 455.100, 655.800 )


CUTSPACING: ( Different Layer Cut Spacing ) Regular Wire of Net n598  ( metal1 )
Bounds : ( 456.900, 631.200 ) ( 457.500, 631.800 )


CUTSPACING: ( Different Layer Cut Spacing ) Regular Wire of Net n109  ( metal1 )
Bounds : ( 459.300, 634.200 ) ( 459.900, 634.800 )


CUTSPACING: ( Different Layer Cut Spacing ) Regular Wire of Net n110  ( metal1 )
Bounds : ( 476.100, 634.200 ) ( 476.700, 634.800 )


CUTSPACING: ( Different Layer Cut Spacing ) Regular Wire of Net n597  ( metal1 )
Bounds : ( 507.300, 598.200 ) ( 507.900, 598.800 )


CUTSPACING: ( Different Layer Cut Spacing ) Regular Wire of Net n186  ( metal1 )
Bounds : ( 526.500, 634.200 ) ( 527.100, 634.800 )


CUTSPACING: ( Different Layer Cut Spacing ) Regular Wire of Net n191  ( metal1 )
Bounds : ( 528.900, 631.200 ) ( 529.500, 631.800 )


CUTSPACING: ( Different Layer Cut Spacing ) Regular Wire of Net n121  ( metal1 )
Bounds : ( 533.700, 595.200 ) ( 534.300, 595.800 )


CUTSPACING: ( Different Layer Cut Spacing ) Regular Wire of Net n121  ( metal1 )
Bounds : ( 533.700, 631.200 ) ( 534.300, 631.800 )


CUTSPACING: ( Different Layer Cut Spacing ) Regular Wire of Net clk  ( metal1 )
Bounds : ( 536.100, 655.200 ) ( 536.700, 655.800 )


CUTSPACING: ( Different Layer Cut Spacing ) Regular Wire of Net n121  ( metal1 )
Bounds : ( 555.300, 631.200 ) ( 555.900, 631.800 )


CUTSPACING: ( Different Layer Cut Spacing ) Regular Wire of Net dp_rf_REGS[25]  ( metal1 )
Bounds : ( 560.100, 649.200 ) ( 560.700, 649.800 )


CUTSPACING: ( Different Layer Cut Spacing ) Regular Wire of Net n597  ( metal1 )
Bounds : ( 572.100, 598.200 ) ( 572.700, 598.800 )


CUTSPACING: ( Different Layer Cut Spacing ) Regular Wire of Net n168  ( metal1 )
Bounds : ( 591.300, 511.200 ) ( 591.900, 511.800 )


CUTSPACING: ( Different Layer Cut Spacing ) Regular Wire of Net n414  ( metal1 )
Bounds : ( 591.300, 538.200 ) ( 591.900, 538.800 )


CUTSPACING: ( Different Layer Cut Spacing ) Regular Wire of Net n588  ( metal1 )
Bounds : ( 593.700, 535.200 ) ( 594.300, 535.800 )


CUTSPACING: ( Different Layer Cut Spacing ) Regular Wire of Net dp_rd1[6]  ( metal1 )
Bounds : ( 596.100, 391.200 ) ( 596.700, 391.800 )


CUTSPACING: ( Different Layer Cut Spacing ) Regular Wire of Net n414  ( metal1 )
Bounds : ( 596.100, 571.200 ) ( 596.700, 571.800 )


CUTSPACING: ( Different Layer Cut Spacing ) Regular Wire of Net clk  ( metal1 )
Bounds : ( 600.900, 415.200 ) ( 601.500, 415.800 )


CUTSPACING: ( Different Layer Cut Spacing ) Regular Wire of Net n435  ( metal1 )
Bounds : ( 600.900, 541.200 ) ( 601.500, 541.800 )


CUTSPACING: ( Different Layer Cut Spacing ) Regular Wire of Net clk  ( metal1 )
Bounds : ( 605.700, 475.200 ) ( 606.300, 475.800 )


CUTSPACING: ( Different Layer Cut Spacing ) Regular Wire of Net n434  ( metal1 )
Bounds : ( 605.700, 538.200 ) ( 606.300, 538.800 )


CUTSPACING: ( Different Layer Cut Spacing ) Regular Wire of Net n130  ( metal1 )
Bounds : ( 608.100, 574.200 ) ( 608.700, 574.800 )


CUTSPACING: ( Different Layer Cut Spacing ) Regular Wire of Net n594  ( metal1 )
Bounds : ( 610.500, 571.200 ) ( 611.100, 571.800 )


CUTSPACING: ( Different Layer Cut Spacing ) Regular Wire of Net n390  ( metal1 )
Bounds : ( 612.900, 511.200 ) ( 613.500, 511.800 )


CUTSPACING: ( Different Layer Cut Spacing ) Regular Wire of Net n438  ( metal1 )
Bounds : ( 612.900, 532.200 ) ( 613.500, 532.800 )


CUTSPACING: ( Different Layer Cut Spacing ) Regular Wire of Net n434  ( metal1 )
Bounds : ( 612.900, 538.200 ) ( 613.500, 538.800 )


CUTSPACING: ( Different Layer Cut Spacing ) Regular Wire of Net n438  ( metal1 )
Bounds : ( 612.900, 574.200 ) ( 613.500, 574.800 )


CUTSPACING: ( Different Layer Cut Spacing ) Regular Wire of Net n595  ( metal1 )
Bounds : ( 615.300, 571.200 ) ( 615.900, 571.800 )


CUTSPACING: ( Different Layer Cut Spacing ) Regular Wire of Net dp_rf_REGS[13]  ( metal1 )
Bounds : ( 617.700, 478.200 ) ( 618.300, 478.800 )


CUTSPACING: ( Different Layer Cut Spacing ) Regular Wire of Net n128  ( metal1 )
Bounds : ( 617.700, 574.200 ) ( 618.300, 574.800 )


CUTSPACING: ( Different Layer Cut Spacing ) Regular Wire of Net n593  ( metal1 )
Bounds : ( 620.100, 538.200 ) ( 620.700, 538.800 )


CUTSPACING: ( Different Layer Cut Spacing ) Regular Wire of Net dp_a[2]  ( metal1 )
Bounds : ( 624.900, 409.200 ) ( 625.500, 409.800 )


CUTSPACING: ( Different Layer Cut Spacing ) Regular Wire of Net test_se  ( metal1 )
Bounds : ( 627.300, 478.200 ) ( 627.900, 478.800 )


CUTSPACING: ( Different Layer Cut Spacing ) Regular Wire of Net dp_rd1[3]  ( metal1 )
Bounds : ( 627.300, 535.200 ) ( 627.900, 535.800 )


CUTSPACING: ( Different Layer Cut Spacing ) Regular Wire of Net test_se  ( metal1 )
Bounds : ( 629.700, 478.200 ) ( 630.300, 478.800 )


CUTSPACING: ( Different Layer Cut Spacing ) Regular Wire of Net test_se  ( metal1 )
Bounds : ( 632.100, 418.200 ) ( 632.700, 418.800 )


CUTSPACING: ( Different Layer Cut Spacing ) Regular Wire of Net n513  ( metal1 )
Bounds : ( 632.100, 478.200 ) ( 632.700, 478.800 )


CUTSPACING: ( Different Layer Cut Spacing ) Regular Wire of Net dp_rd1[3]  ( metal1 )
Bounds : ( 634.500, 418.200 ) ( 635.100, 418.800 )


CUTSPACING: ( Different Layer Cut Spacing ) Regular Wire of Net n132  ( metal1 )
Bounds : ( 634.500, 511.200 ) ( 635.100, 511.800 )


CUTSPACING: ( Different Layer Cut Spacing ) Regular Wire of Net dp_n12  ( metal1 )
Bounds : ( 634.500, 535.200 ) ( 635.100, 535.800 )


CUTSPACING: ( Different Layer Cut Spacing ) Regular Wire of Net n192  ( metal1 )
Bounds : ( 636.900, 451.200 ) ( 637.500, 451.800 )


CUTSPACING: ( Different Layer Cut Spacing ) Regular Wire of Net dp_rd2[7]  ( metal1 )
Bounds : ( 492.900, 514.200 ) ( 493.500, 514.800 )


CUTSPACING: ( Different Layer Cut Spacing ) Regular Wire of Net n361  ( metal1 )
Bounds : ( 497.700, 511.200 ) ( 498.300, 511.800 )


CUTSPACING: ( Different Layer Cut Spacing ) Regular Wire of Net n595  ( metal1 )
Bounds : ( 500.100, 571.200 ) ( 500.700, 571.800 )


CUTSPACING: ( Different Layer Cut Spacing ) Regular Wire of Net n369  ( metal1 )
Bounds : ( 502.500, 532.200 ) ( 503.100, 532.800 )


CUTSPACING: ( Different Layer Cut Spacing ) Regular Wire of Net n361  ( metal1 )
Bounds : ( 502.500, 538.200 ) ( 503.100, 538.800 )


CUTSPACING: ( Different Layer Cut Spacing ) Regular Wire of Net n101  ( metal1 )
Bounds : ( 502.500, 574.200 ) ( 503.100, 574.800 )


CUTSPACING: ( Different Layer Cut Spacing ) Regular Wire of Net n404  ( metal1 )
Bounds : ( 507.300, 532.200 ) ( 507.900, 532.800 )


CUTSPACING: ( Different Layer Cut Spacing ) Regular Wire of Net dp_rf_REGS[8]  ( metal1 )
Bounds : ( 512.100, 535.200 ) ( 512.700, 535.800 )


CUTSPACING: ( Different Layer Cut Spacing ) Regular Wire of Net dp_rd2[1]  ( metal1 )
Bounds : ( 514.500, 514.200 ) ( 515.100, 514.800 )


CUTSPACING: ( Different Layer Cut Spacing ) Regular Wire of Net n395  ( metal1 )
Bounds : ( 519.300, 511.200 ) ( 519.900, 511.800 )


CUTSPACING: ( Different Layer Cut Spacing ) Regular Wire of Net n369  ( metal1 )
Bounds : ( 519.300, 574.200 ) ( 519.900, 574.800 )


CUTSPACING: ( Different Layer Cut Spacing ) Regular Wire of Net dp_rd1[1] & Regular Wire of Net n440  ( metal1 )
Bounds : ( 521.700, 535.200 ) ( 522.300, 535.800 )


CUTSPACING: ( Different Layer Cut Spacing ) Regular Wire of Net n101  ( metal1 )
Bounds : ( 524.100, 574.200 ) ( 524.700, 574.800 )


CUTSPACING: ( Different Layer Cut Spacing ) Regular Wire of Net n439  ( metal1 )
Bounds : ( 526.500, 538.200 ) ( 527.100, 538.800 )


CUTSPACING: ( Different Layer Cut Spacing ) Regular Wire of Net dp_n12  ( metal1 )
Bounds : ( 528.900, 535.200 ) ( 529.500, 535.800 )


CUTSPACING: ( Different Layer Cut Spacing ) Regular Wire of Net dp_rd2[6]  ( metal1 )
Bounds : ( 540.900, 535.200 ) ( 541.500, 535.800 )


CUTSPACING: ( Different Layer Cut Spacing ) Regular Wire of Net n439  ( metal1 )
Bounds : ( 540.900, 571.200 ) ( 541.500, 571.800 )


CUTSPACING: ( Different Layer Cut Spacing ) Regular Wire of Net n443  ( metal1 )
Bounds : ( 540.900, 577.200 ) ( 541.500, 577.800 )


CUTSPACING: ( Different Layer Cut Spacing ) Regular Wire of Net n520  ( metal1 )
Bounds : ( 543.300, 514.200 ) ( 543.900, 514.800 )


CUTSPACING: ( Different Layer Cut Spacing ) Regular Wire of Net n123  ( metal1 )
Bounds : ( 545.700, 511.200 ) ( 546.300, 511.800 )


CUTSPACING: ( Different Layer Cut Spacing ) Regular Wire of Net n121 & Regular Wire of Net dp_rf_REGS[9]  ( metal1 )
Bounds : ( 545.700, 574.200 ) ( 546.300, 574.800 )


CUTSPACING: ( Different Layer Cut Spacing ) Regular Wire of Net n520 & Regular Wire of Net n601  ( metal1 )
Bounds : ( 548.100, 514.200 ) ( 548.700, 514.800 )


CUTSPACING: ( Different Layer Cut Spacing ) Regular Wire of Net dp_n15  ( metal1 )
Bounds : ( 548.100, 535.200 ) ( 548.700, 535.800 )


CUTSPACING: ( Different Layer Cut Spacing ) Regular Wire of Net n121  ( metal1 )
Bounds : ( 555.300, 574.200 ) ( 555.900, 574.800 )


CUTSPACING: ( Different Layer Cut Spacing ) Regular Wire of Net dp_rd2[4] & Regular Wire of Net n381  ( metal1 )
Bounds : ( 567.300, 514.200 ) ( 567.900, 514.800 )


CUTSPACING: ( Different Layer Cut Spacing ) Regular Wire of Net dp_rf_REGS[14]  ( metal1 )
Bounds : ( 569.700, 574.200 ) ( 570.300, 574.800 )


CUTSPACING: ( Different Layer Cut Spacing ) Regular Wire of Net n370  ( metal1 )
Bounds : ( 574.500, 571.200 ) ( 575.100, 571.800 )


CUTSPACING: ( Different Layer Cut Spacing ) Regular Wire of Net n168  ( metal1 )
Bounds : ( 586.500, 511.200 ) ( 587.100, 511.800 )


CUTSPACING: ( Different Layer Cut Spacing ) Regular Wire of Net dp_rd1[6]  ( metal1 )
Bounds : ( 586.500, 535.200 ) ( 587.100, 535.800 )


CUTSPACING: ( Different Layer Cut Spacing ) Regular Wire of Net n104  ( metal1 )
Bounds : ( 396.900, 514.200 ) ( 397.500, 514.800 )


CUTSPACING: ( Different Layer Cut Spacing ) Regular Wire of Net n588  ( metal1 )
Bounds : ( 408.900, 568.200 ) ( 409.500, 568.800 )


CUTSPACING: ( Different Layer Cut Spacing ) Regular Wire of Net n409  ( metal1 )
Bounds : ( 413.700, 511.200 ) ( 414.300, 511.800 )


CUTSPACING: ( Different Layer Cut Spacing ) Regular Wire of Net n451  ( metal1 )
Bounds : ( 416.100, 574.200 ) ( 416.700, 574.800 )


CUTSPACING: ( Different Layer Cut Spacing ) Regular Wire of Net n104  ( metal1 )
Bounds : ( 420.900, 514.200 ) ( 421.500, 514.800 )


CUTSPACING: ( Different Layer Cut Spacing ) Regular Wire of Net n102  ( metal1 )
Bounds : ( 432.900, 574.200 ) ( 433.500, 574.800 )


CUTSPACING: ( Different Layer Cut Spacing ) Regular Wire of Net n100 & Regular Wire of Net n363  ( metal1 )
Bounds : ( 437.700, 574.200 ) ( 438.300, 574.800 )


CUTSPACING: ( Different Layer Cut Spacing ) Regular Wire of Net n598  ( metal1 )
Bounds : ( 440.100, 571.200 ) ( 440.700, 571.800 )


CUTSPACING: ( Different Layer Cut Spacing ) Regular Wire of Net n401 & Regular Wire of Net n590  ( metal1 )
Bounds : ( 442.500, 541.200 ) ( 443.100, 541.800 )


CUTSPACING: ( Different Layer Cut Spacing ) Regular Wire of Net n100  ( metal1 )
Bounds : ( 442.500, 574.200 ) ( 443.100, 574.800 )


CUTSPACING: ( Different Layer Cut Spacing ) Regular Wire of Net dp_n12  ( metal1 )
Bounds : ( 447.300, 508.200 ) ( 447.900, 508.800 )


CUTSPACING: ( Different Layer Cut Spacing ) Regular Wire of Net dp_rd2[0]  ( metal1 )
Bounds : ( 447.300, 535.200 ) ( 447.900, 535.800 )


CUTSPACING: ( Different Layer Cut Spacing ) Regular Wire of Net n401  ( metal1 )
Bounds : ( 447.300, 541.200 ) ( 447.900, 541.800 )


CUTSPACING: ( Different Layer Cut Spacing ) Regular Wire of Net n598 & Regular Wire of Net n444  ( metal1 )
Bounds : ( 461.700, 571.200 ) ( 462.300, 571.800 )


CUTSPACING: ( Different Layer Cut Spacing ) Regular Wire of Net n406  ( metal1 )
Bounds : ( 466.500, 508.200 ) ( 467.100, 508.800 )


CUTSPACING: ( Different Layer Cut Spacing ) Regular Wire of Net dp_rd1[7]  ( metal1 )
Bounds : ( 466.500, 514.200 ) ( 467.100, 514.800 )


CUTSPACING: ( Different Layer Cut Spacing ) Regular Wire of Net n593  ( metal1 )
Bounds : ( 466.500, 538.200 ) ( 467.100, 538.800 )


CUTSPACING: ( Different Layer Cut Spacing ) Regular Wire of Net n405  ( metal1 )
Bounds : ( 471.300, 511.200 ) ( 471.900, 511.800 )


CUTSPACING: ( Different Layer Cut Spacing ) Regular Wire of Net dp_rf_REGS[15]  ( metal1 )
Bounds : ( 476.100, 514.200 ) ( 476.700, 514.800 )


CUTSPACING: ( Different Layer Cut Spacing ) Regular Wire of Net n105  ( metal1 )
Bounds : ( 478.500, 511.200 ) ( 479.100, 511.800 )


CUTSPACING: ( Different Layer Cut Spacing ) Regular Wire of Net n453  ( metal1 )
Bounds : ( 478.500, 577.200 ) ( 479.100, 577.800 )


CUTSPACING: ( Different Layer Cut Spacing ) Regular Wire of Net n593  ( metal1 )
Bounds : ( 480.900, 538.200 ) ( 481.500, 538.800 )


CUTSPACING: ( Different Layer Cut Spacing ) Regular Wire of Net n405  ( metal1 )
Bounds : ( 488.100, 538.200 ) ( 488.700, 538.800 )


CUTSPACING: ( Different Layer Cut Spacing ) Regular Wire of Net clk  ( metal1 )
Bounds : ( 512.100, 475.200 ) ( 512.700, 475.800 )


CUTSPACING: ( Different Layer Cut Spacing ) Regular Wire of Net clk  ( metal1 )
Bounds : ( 514.500, 454.200 ) ( 515.100, 454.800 )


CUTSPACING: ( Different Layer Cut Spacing ) Regular Wire of Net n590  ( metal1 )
Bounds : ( 519.300, 418.200 ) ( 519.900, 418.800 )


CUTSPACING: ( Different Layer Cut Spacing ) Regular Wire of Net n589  ( metal1 )
Bounds : ( 521.700, 415.200 ) ( 522.300, 415.800 )


CUTSPACING: ( Different Layer Cut Spacing ) Regular Wire of Net test_so  ( metal1 )
Bounds : ( 526.500, 400.200 ) ( 527.100, 400.800 )


CUTSPACING: ( Different Layer Cut Spacing ) Regular Wire of Net dp_n15  ( metal1 )
Bounds : ( 526.500, 415.200 ) ( 527.100, 415.800 )


CUTSPACING: ( Different Layer Cut Spacing ) Regular Wire of Net test_se  ( metal1 )
Bounds : ( 533.700, 478.200 ) ( 534.300, 478.800 )


CUTSPACING: ( Different Layer Cut Spacing ) Regular Wire of Net writedata[0]  ( metal1 )
Bounds : ( 538.500, 418.200 ) ( 539.100, 418.800 )


CUTSPACING: ( Different Layer Cut Spacing ) Regular Wire of Net dp_a[1]  ( metal1 )
Bounds : ( 538.500, 460.200 ) ( 539.100, 460.800 )


CUTSPACING: ( Different Layer Cut Spacing ) Regular Wire of Net test_se  ( metal1 )
Bounds : ( 540.900, 451.200 ) ( 541.500, 451.800 )


CUTSPACING: ( Different Layer Cut Spacing ) Regular Wire of Net n520  ( metal1 )
Bounds : ( 543.300, 451.200 ) ( 543.900, 451.800 )


CUTSPACING: ( Different Layer Cut Spacing ) Regular Wire of Net dp_rd2[2]  ( metal1 )
Bounds : ( 543.300, 475.200 ) ( 543.900, 475.800 )


CUTSPACING: ( Different Layer Cut Spacing ) Regular Wire of Net n391  ( metal1 )
Bounds : ( 543.300, 481.200 ) ( 543.900, 481.800 )


CUTSPACING: ( Different Layer Cut Spacing ) Regular Wire of Net dp_rd2[2] & Regular Wire of Net test_se  ( metal1 )
Bounds : ( 545.700, 391.200 ) ( 546.300, 391.800 )


CUTSPACING: ( Different Layer Cut Spacing ) Regular Wire of Net dp_rd2[2] & Regular Wire of Net writedata[1]  ( metal1 )
Bounds : ( 548.100, 391.200 ) ( 548.700, 391.800 )


CUTSPACING: ( Different Layer Cut Spacing ) Regular Wire of Net n390  ( metal1 )
Bounds : ( 548.100, 478.200 ) ( 548.700, 478.800 )


CUTSPACING: ( Different Layer Cut Spacing ) Regular Wire of Net clk  ( metal1 )
Bounds : ( 550.500, 415.200 ) ( 551.100, 415.800 )


CUTSPACING: ( Different Layer Cut Spacing ) Regular Wire of Net writedata[1]  ( metal1 )
Bounds : ( 555.300, 391.200 ) ( 555.900, 391.800 )


CUTSPACING: ( Different Layer Cut Spacing ) Regular Wire of Net clk  ( metal1 )
Bounds : ( 567.300, 394.200 ) ( 567.900, 394.800 )


CUTSPACING: ( Different Layer Cut Spacing ) Regular Wire of Net writedata[1]  ( metal1 )
Bounds : ( 574.500, 409.200 ) ( 575.100, 409.800 )


CUTSPACING: ( Different Layer Cut Spacing ) Regular Wire of Net dp_rf_REGS[14]  ( metal1 )
Bounds : ( 581.700, 469.200 ) ( 582.300, 469.800 )


CUTSPACING: ( Different Layer Cut Spacing ) Regular Wire of Net dp_rf_REGS[9] & Regular Wire of Net n601  ( metal1 )
Bounds : ( 586.500, 460.200 ) ( 587.100, 460.800 )


CUTSPACING: ( Different Layer Cut Spacing ) Regular Wire of Net n526 & Regular Wire of Net n193  ( metal1 )
Bounds : ( 396.900, 418.200 ) ( 397.500, 418.800 )


CUTSPACING: ( Different Layer Cut Spacing ) Regular Wire of Net clk  ( metal1 )
Bounds : ( 399.300, 475.200 ) ( 399.900, 475.800 )


CUTSPACING: ( Different Layer Cut Spacing ) Regular Wire of Net dp_rf_REGS[15]  ( metal1 )
Bounds : ( 411.300, 478.200 ) ( 411.900, 478.800 )


CUTSPACING: ( Different Layer Cut Spacing ) Regular Wire of Net dp_rf_REGS[7]  ( metal1 )
Bounds : ( 418.500, 454.200 ) ( 419.100, 454.800 )


CUTSPACING: ( Different Layer Cut Spacing ) Regular Wire of Net dp_a[7]  ( metal1 )
Bounds : ( 432.900, 400.200 ) ( 433.500, 400.800 )


CUTSPACING: ( Different Layer Cut Spacing ) Regular Wire of Net dp_rf_REGS[7]  ( metal1 )
Bounds : ( 432.900, 451.200 ) ( 433.500, 451.800 )


CUTSPACING: ( Different Layer Cut Spacing ) Regular Wire of Net n188  ( metal1 )
Bounds : ( 471.300, 475.200 ) ( 471.900, 475.800 )


CUTSPACING: ( Different Layer Cut Spacing ) Regular Wire of Net dp_rd1[7]  ( metal1 )
Bounds : ( 476.100, 391.200 ) ( 476.700, 391.800 )


CUTSPACING: ( Different Layer Cut Spacing ) Regular Wire of Net n114  ( metal1 )
Bounds : ( 476.100, 451.200 ) ( 476.700, 451.800 )


CUTSPACING: ( Different Layer Cut Spacing ) Regular Wire of Net test_se  ( metal1 )
Bounds : ( 478.500, 391.200 ) ( 479.100, 391.800 )


CUTSPACING: ( Different Layer Cut Spacing ) Regular Wire of Net n182  ( metal1 )
Bounds : ( 478.500, 415.200 ) ( 479.100, 415.800 )


CUTSPACING: ( Different Layer Cut Spacing ) Regular Wire of Net n105  ( metal1 )
Bounds : ( 478.500, 478.200 ) ( 479.100, 478.800 )


CUTSPACING: ( Different Layer Cut Spacing ) Regular Wire of Net test_se  ( metal1 )
Bounds : ( 480.900, 391.200 ) ( 481.500, 391.800 )


CUTSPACING: ( Different Layer Cut Spacing ) Regular Wire of Net n188  ( metal1 )
Bounds : ( 480.900, 418.200 ) ( 481.500, 418.800 )


CUTSPACING: ( Different Layer Cut Spacing ) Regular Wire of Net n601  ( metal1 )
Bounds : ( 480.900, 475.200 ) ( 481.500, 475.800 )


CUTSPACING: ( Different Layer Cut Spacing ) Regular Wire of Net dp_rd2[7]  ( metal1 )
Bounds : ( 483.300, 391.200 ) ( 483.900, 391.800 )


CUTSPACING: ( Different Layer Cut Spacing ) Regular Wire of Net n114  ( metal1 )
Bounds : ( 485.700, 418.200 ) ( 486.300, 418.800 )


CUTSPACING: ( Different Layer Cut Spacing ) Regular Wire of Net n601  ( metal1 )
Bounds : ( 488.100, 415.200 ) ( 488.700, 415.800 )


CUTSPACING: ( Different Layer Cut Spacing ) Regular Wire of Net dp_rf_REGS[15]  ( metal1 )
Bounds : ( 488.100, 469.200 ) ( 488.700, 469.800 )


CUTSPACING: ( Different Layer Cut Spacing ) Regular Wire of Net n163  ( metal1 )
Bounds : ( 298.500, 691.200 ) ( 299.100, 691.800 )


CUTSPACING: ( Different Layer Cut Spacing ) Regular Wire of Net dp_rf_REGS[54]  ( metal1 )
Bounds : ( 300.900, 694.200 ) ( 301.500, 694.800 )


CUTSPACING: ( Different Layer Cut Spacing ) Regular Wire of Net dp_rf_REGS[38]  ( metal1 )
Bounds : ( 303.300, 715.200 ) ( 303.900, 715.800 )


CUTSPACING: ( Different Layer Cut Spacing ) Regular Wire of Net n118  ( metal1 )
Bounds : ( 317.700, 691.200 ) ( 318.300, 691.800 )


CUTSPACING: ( Different Layer Cut Spacing ) Regular Wire of Net dp_rf_REGS[33]  ( metal1 )
Bounds : ( 320.100, 709.200 ) ( 320.700, 709.800 )


CUTSPACING: ( Different Layer Cut Spacing ) Regular Wire of Net clk  ( metal1 )
Bounds : ( 320.100, 754.200 ) ( 320.700, 754.800 )


CUTSPACING: ( Different Layer Cut Spacing ) Regular Wire of Net dp_rf_REGS[48]  ( metal1 )
Bounds : ( 332.100, 751.200 ) ( 332.700, 751.800 )


CUTSPACING: ( Different Layer Cut Spacing ) Regular Wire of Net n525  ( metal1 )
Bounds : ( 339.300, 751.200 ) ( 339.900, 751.800 )


CUTSPACING: ( Different Layer Cut Spacing ) Regular Wire of Net test_se  ( metal1 )
Bounds : ( 341.700, 751.200 ) ( 342.300, 751.800 )


CUTSPACING: ( Different Layer Cut Spacing ) Regular Wire of Net test_se  ( metal1 )
Bounds : ( 344.100, 751.200 ) ( 344.700, 751.800 )


CUTSPACING: ( Different Layer Cut Spacing ) Regular Wire of Net n191 & Regular Wire of Net n120  ( metal1 )
Bounds : ( 346.500, 691.200 ) ( 347.100, 691.800 )


CUTSPACING: ( Different Layer Cut Spacing ) Regular Wire of Net n481  ( metal1 )
Bounds : ( 346.500, 751.200 ) ( 347.100, 751.800 )


CUTSPACING: ( Different Layer Cut Spacing ) Regular Wire of Net n523  ( metal1 )
Bounds : ( 348.900, 694.200 ) ( 349.500, 694.800 )


CUTSPACING: ( Different Layer Cut Spacing ) Regular Wire of Net n191  ( metal1 )
Bounds : ( 351.300, 691.200 ) ( 351.900, 691.800 )


CUTSPACING: ( Different Layer Cut Spacing ) Regular Wire of Net n185  ( metal1 )
Bounds : ( 353.700, 694.200 ) ( 354.300, 694.800 )


CUTSPACING: ( Different Layer Cut Spacing ) Regular Wire of Net n523  ( metal1 )
Bounds : ( 363.300, 718.200 ) ( 363.900, 718.800 )


CUTSPACING: ( Different Layer Cut Spacing ) Regular Wire of Net test_se  ( metal1 )
Bounds : ( 365.700, 718.200 ) ( 366.300, 718.800 )


CUTSPACING: ( Different Layer Cut Spacing ) Regular Wire of Net n185  ( metal1 )
Bounds : ( 375.300, 694.200 ) ( 375.900, 694.800 )


CUTSPACING: ( Different Layer Cut Spacing ) Regular Wire of Net n197  ( metal1 )
Bounds : ( 377.700, 691.200 ) ( 378.300, 691.800 )


CUTSPACING: ( Different Layer Cut Spacing ) Regular Wire of Net dp_rf_REGS[39]  ( metal1 )
Bounds : ( 380.100, 715.200 ) ( 380.700, 715.800 )


CUTSPACING: ( Different Layer Cut Spacing ) Regular Wire of Net dp_rf_REGS[39]  ( metal1 )
Bounds : ( 389.700, 760.200 ) ( 390.300, 760.800 )


CUTSPACING: ( Different Layer Cut Spacing ) Regular Wire of Net n604  ( metal1 )
Bounds : ( 197.700, 715.200 ) ( 198.300, 715.800 )


CUTSPACING: ( Different Layer Cut Spacing ) Regular Wire of Net n129  ( metal1 )
Bounds : ( 197.700, 751.200 ) ( 198.300, 751.800 )


CUTSPACING: ( Different Layer Cut Spacing ) Regular Wire of Net n604  ( metal1 )
Bounds : ( 216.900, 694.200 ) ( 217.500, 694.800 )


CUTSPACING: ( Different Layer Cut Spacing ) Regular Wire of Net n516  ( metal1 )
Bounds : ( 221.700, 694.200 ) ( 222.300, 694.800 )


CUTSPACING: ( Different Layer Cut Spacing ) Regular Wire of Net dp_rf_REGS[33]  ( metal1 )
Bounds : ( 236.100, 751.200 ) ( 236.700, 751.800 )


CUTSPACING: ( Different Layer Cut Spacing ) Regular Wire of Net clk  ( metal1 )
Bounds : ( 245.700, 715.200 ) ( 246.300, 715.800 )


CUTSPACING: ( Different Layer Cut Spacing ) Regular Wire of Net test_se  ( metal1 )
Bounds : ( 245.700, 751.200 ) ( 246.300, 751.800 )


CUTSPACING: ( Different Layer Cut Spacing ) Regular Wire of Net test_se  ( metal1 )
Bounds : ( 248.100, 751.200 ) ( 248.700, 751.800 )


CUTSPACING: ( Different Layer Cut Spacing ) Regular Wire of Net n488 & Regular Wire of Net clk  ( metal1 )
Bounds : ( 250.500, 751.200 ) ( 251.100, 751.800 )


CUTSPACING: ( Different Layer Cut Spacing ) Regular Wire of Net n518  ( metal1 )
Bounds : ( 264.900, 718.200 ) ( 265.500, 718.800 )


CUTSPACING: ( Different Layer Cut Spacing ) Regular Wire of Net test_se  ( metal1 )
Bounds : ( 267.300, 718.200 ) ( 267.900, 718.800 )


CUTSPACING: ( Different Layer Cut Spacing ) Regular Wire of Net clk  ( metal1 )
Bounds : ( 269.700, 754.200 ) ( 270.300, 754.800 )


CUTSPACING: ( Different Layer Cut Spacing ) Regular Wire of Net n604  ( metal1 )
Bounds : ( 274.500, 715.200 ) ( 275.100, 715.800 )


CUTSPACING: ( Different Layer Cut Spacing ) Regular Wire of Net dp_rf_REGS[54]  ( metal1 )
Bounds : ( 293.700, 700.200 ) ( 294.300, 700.800 )


CUTSPACING: ( Different Layer Cut Spacing ) Regular Wire of Net dp_rf_REGS[38]  ( metal1 )
Bounds : ( 293.700, 760.200 ) ( 294.300, 760.800 )


CUTSPACING: ( Different Layer Cut Spacing ) Regular Wire of Net n372  ( metal1 )
Bounds : ( 296.100, 634.200 ) ( 296.700, 634.800 )


CUTSPACING: ( Different Layer Cut Spacing ) Regular Wire of Net n163  ( metal1 )
Bounds : ( 296.100, 658.200 ) ( 296.700, 658.800 )


CUTSPACING: ( Different Layer Cut Spacing ) Regular Wire of Net n598  ( metal1 )
Bounds : ( 298.500, 631.200 ) ( 299.100, 631.800 )


CUTSPACING: ( Different Layer Cut Spacing ) Regular Wire of Net n606  ( metal1 )
Bounds : ( 298.500, 655.200 ) ( 299.100, 655.800 )


CUTSPACING: ( Different Layer Cut Spacing ) Regular Wire of Net n165  ( metal1 )
Bounds : ( 312.900, 634.200 ) ( 313.500, 634.800 )


CUTSPACING: ( Different Layer Cut Spacing ) Regular Wire of Net n196  ( metal1 )
Bounds : ( 317.700, 598.200 ) ( 318.300, 598.800 )


CUTSPACING: ( Different Layer Cut Spacing ) Regular Wire of Net n486  ( metal1 )
Bounds : ( 320.100, 595.200 ) ( 320.700, 595.800 )


CUTSPACING: ( Different Layer Cut Spacing ) Regular Wire of Net n167  ( metal1 )
Bounds : ( 322.500, 598.200 ) ( 323.100, 598.800 )


CUTSPACING: ( Different Layer Cut Spacing ) Regular Wire of Net n606  ( metal1 )
Bounds : ( 324.900, 655.200 ) ( 325.500, 655.800 )


CUTSPACING: ( Different Layer Cut Spacing ) Regular Wire of Net n525  ( metal1 )
Bounds : ( 329.700, 655.200 ) ( 330.300, 655.800 )


CUTSPACING: ( Different Layer Cut Spacing ) Regular Wire of Net n525 & Regular Wire of Net n183  ( metal1 )
Bounds : ( 334.500, 655.200 ) ( 335.100, 655.800 )


CUTSPACING: ( Different Layer Cut Spacing ) Regular Wire of Net n167  ( metal1 )
Bounds : ( 336.900, 598.200 ) ( 337.500, 598.800 )


CUTSPACING: ( Different Layer Cut Spacing ) Regular Wire of Net n118  ( metal1 )
Bounds : ( 336.900, 634.200 ) ( 337.500, 634.800 )


CUTSPACING: ( Different Layer Cut Spacing ) Regular Wire of Net n598  ( metal1 )
Bounds : ( 339.300, 631.200 ) ( 339.900, 631.800 )


CUTSPACING: ( Different Layer Cut Spacing ) Regular Wire of Net test_se  ( metal1 )
Bounds : ( 346.500, 598.200 ) ( 347.100, 598.800 )


CUTSPACING: ( Different Layer Cut Spacing ) Regular Wire of Net n120  ( metal1 )
Bounds : ( 346.500, 634.200 ) ( 347.100, 634.800 )


CUTSPACING: ( Different Layer Cut Spacing ) Regular Wire of Net n120  ( metal1 )
Bounds : ( 358.500, 634.200 ) ( 359.100, 634.800 )


CUTSPACING: ( Different Layer Cut Spacing ) Regular Wire of Net n441  ( metal1 )
Bounds : ( 363.300, 634.200 ) ( 363.900, 634.800 )


CUTSPACING: ( Different Layer Cut Spacing ) Regular Wire of Net clk  ( metal1 )
Bounds : ( 368.100, 595.200 ) ( 368.700, 595.800 )


CUTSPACING: ( Different Layer Cut Spacing ) Regular Wire of Net n118  ( metal1 )
Bounds : ( 368.100, 634.200 ) ( 368.700, 634.800 )


CUTSPACING: ( Different Layer Cut Spacing ) Regular Wire of Net n197  ( metal1 )
Bounds : ( 389.700, 631.200 ) ( 390.300, 631.800 )


CUTSPACING: ( Different Layer Cut Spacing ) Regular Wire of Net n186  ( metal1 )
Bounds : ( 204.900, 601.200 ) ( 205.500, 601.800 )


CUTSPACING: ( Different Layer Cut Spacing ) Regular Wire of Net dp_rf_REGS[53]  ( metal1 )
Bounds : ( 204.900, 655.200 ) ( 205.500, 655.800 )


CUTSPACING: ( Different Layer Cut Spacing ) Regular Wire of Net n594  ( metal1 )
Bounds : ( 221.700, 631.200 ) ( 222.300, 631.800 )


CUTSPACING: ( Different Layer Cut Spacing ) Regular Wire of Net n154  ( metal1 )
Bounds : ( 224.100, 655.200 ) ( 224.700, 655.800 )


CUTSPACING: ( Different Layer Cut Spacing ) Regular Wire of Net n127  ( metal1 )
Bounds : ( 228.900, 634.200 ) ( 229.500, 634.800 )


CUTSPACING: ( Different Layer Cut Spacing ) Regular Wire of Net n421  ( metal1 )
Bounds : ( 228.900, 655.200 ) ( 229.500, 655.800 )


CUTSPACING: ( Different Layer Cut Spacing ) Regular Wire of Net n493  ( metal1 )
Bounds : ( 233.700, 595.200 ) ( 234.300, 595.800 )


CUTSPACING: ( Different Layer Cut Spacing ) Regular Wire of Net n421 & Regular Wire of Net n156  ( metal1 )
Bounds : ( 233.700, 655.200 ) ( 234.300, 655.800 )


CUTSPACING: ( Different Layer Cut Spacing ) Regular Wire of Net n129 & Regular Wire of Net n127  ( metal1 )
Bounds : ( 240.900, 634.200 ) ( 241.500, 634.800 )


CUTSPACING: ( Different Layer Cut Spacing ) Regular Wire of Net n392  ( metal1 )
Bounds : ( 245.700, 634.200 ) ( 246.300, 634.800 )


CUTSPACING: ( Different Layer Cut Spacing ) Regular Wire of Net n127  ( metal1 )
Bounds : ( 250.500, 634.200 ) ( 251.100, 634.800 )


CUTSPACING: ( Different Layer Cut Spacing ) Regular Wire of Net n606  ( metal1 )
Bounds : ( 264.900, 655.200 ) ( 265.500, 655.800 )


CUTSPACING: ( Different Layer Cut Spacing ) Regular Wire of Net n165  ( metal1 )
Bounds : ( 291.300, 634.200 ) ( 291.900, 634.800 )


SHORT: ( Out Of Die ) Regular Wire of Net test_si  ( metal2 )
Bounds : ( 101.550, 780.000 ) ( 102.450, 780.450 )


SHORT: ( Out Of Die ) Regular Wire of Net test_se  ( metal2 )
Bounds : ( 103.950, 780.000 ) ( 104.850, 780.450 )


SHORT: ( Out Of Die ) Regular Wire of Net test_so  ( metal2 )
Bounds : ( 106.350, 780.000 ) ( 107.250, 780.450 )


CUTSPACING: ( Different Layer Cut Spacing ) Regular Wire of Net dp_rf_REGS[51]  ( metal1 )
Bounds : ( 17.700, 709.200 ) ( 18.300, 709.800 )


CUTSPACING: ( Different Layer Cut Spacing ) Regular Wire of Net clk  ( metal1 )
Bounds : ( 41.700, 715.200 ) ( 42.300, 715.800 )


CUTSPACING: ( Different Layer Cut Spacing ) Regular Wire of Net dp_rf_REGS[50]  ( metal1 )
Bounds : ( 53.700, 718.200 ) ( 54.300, 718.800 )


CUTSPACING: ( Different Layer Cut Spacing ) Regular Wire of Net n502 & Regular Wire of Net test_se  ( metal1 )
Bounds : ( 70.500, 751.200 ) ( 71.100, 751.800 )


CUTSPACING: ( Different Layer Cut Spacing ) Regular Wire of Net n502  ( metal1 )
Bounds : ( 72.900, 751.200 ) ( 73.500, 751.800 )


CUTSPACING: ( Different Layer Cut Spacing ) Regular Wire of Net n604  ( metal1 )
Bounds : ( 89.700, 715.200 ) ( 90.300, 715.800 )


CUTSPACING: ( Different Layer Cut Spacing ) Regular Wire of Net n509  ( metal1 )
Bounds : ( 94.500, 715.200 ) ( 95.100, 715.800 )


CUTSPACING: ( Different Layer Cut Spacing ) Regular Wire of Net n511  ( metal1 )
Bounds : ( 96.900, 694.200 ) ( 97.500, 694.800 )


CUTSPACING: ( Different Layer Cut Spacing ) Regular Wire of Net n193  ( metal1 )
Bounds : ( 99.300, 691.200 ) ( 99.900, 691.800 )


CUTSPACING: ( Different Layer Cut Spacing ) Regular Wire of Net dp_rf_REGS[36]  ( metal1 )
Bounds : ( 108.900, 715.200 ) ( 109.500, 715.800 )


CUTSPACING: ( Different Layer Cut Spacing ) Regular Wire of Net n147  ( metal1 )
Bounds : ( 111.300, 718.200 ) ( 111.900, 718.800 )


CUTSPACING: ( Different Layer Cut Spacing ) Regular Wire of Net dp_rf_REGS[52]  ( metal1 )
Bounds : ( 130.500, 694.200 ) ( 131.100, 694.800 )


CUTSPACING: ( Different Layer Cut Spacing ) Regular Wire of Net n604  ( metal1 )
Bounds : ( 132.900, 715.200 ) ( 133.500, 715.800 )


CUTSPACING: ( Different Layer Cut Spacing ) Regular Wire of Net n147  ( metal1 )
Bounds : ( 135.300, 718.200 ) ( 135.900, 718.800 )


CUTSPACING: ( Different Layer Cut Spacing ) Regular Wire of Net n194  ( metal1 )
Bounds : ( 140.100, 718.200 ) ( 140.700, 718.800 )


CUTSPACING: ( Different Layer Cut Spacing ) Regular Wire of Net n497  ( metal1 )
Bounds : ( 142.500, 691.200 ) ( 143.100, 691.800 )


CUTSPACING: ( Different Layer Cut Spacing ) Regular Wire of Net clk  ( metal1 )
Bounds : ( 149.700, 754.200 ) ( 150.300, 754.800 )


CUTSPACING: ( Different Layer Cut Spacing ) Regular Wire of Net clk  ( metal1 )
Bounds : ( 161.700, 694.200 ) ( 162.300, 694.800 )


CUTSPACING: ( Different Layer Cut Spacing ) Regular Wire of Net n185 & Regular Wire of Net dp_rf_REGS[53]  ( metal1 )
Bounds : ( 185.700, 700.200 ) ( 186.300, 700.800 )


CUTSPACING: ( Different Layer Cut Spacing ) Regular Wire of Net dp_rf_REGS[50] & Regular Wire of Net n156  ( metal1 )
Bounds : ( 195.300, 718.200 ) ( 195.900, 718.800 )


CUTSPACING: ( Different Layer Cut Spacing ) Regular Wire of Net dp_rf_REGS[34]  ( metal1 )
Bounds : ( 195.300, 754.200 ) ( 195.900, 754.800 )


CUTSPACING: ( Different Layer Cut Spacing ) Regular Wire of Net dp_rf_REGS[19]  ( metal1 )
Bounds : ( 17.700, 595.200 ) ( 18.300, 595.800 )


CUTSPACING: ( Different Layer Cut Spacing ) Regular Wire of Net test_se & Regular Wire of Net n500  ( metal1 )
Bounds : ( 17.700, 631.200 ) ( 18.300, 631.800 )


CUTSPACING: ( Different Layer Cut Spacing ) Regular Wire of Net n500  ( metal1 )
Bounds : ( 20.100, 631.200 ) ( 20.700, 631.800 )


CUTSPACING: ( Different Layer Cut Spacing ) Regular Wire of Net dp_rf_REGS[19]  ( metal1 )
Bounds : ( 27.300, 631.200 ) ( 27.900, 631.800 )


CUTSPACING: ( Different Layer Cut Spacing ) Regular Wire of Net clk  ( metal1 )
Bounds : ( 39.300, 634.200 ) ( 39.900, 634.800 )


CUTSPACING: ( Different Layer Cut Spacing ) Regular Wire of Net n136  ( metal1 )
Bounds : ( 51.300, 658.200 ) ( 51.900, 658.800 )


CUTSPACING: ( Different Layer Cut Spacing ) Regular Wire of Net dp_rf_REGS[20]  ( metal1 )
Bounds : ( 63.300, 640.200 ) ( 63.900, 640.800 )


CUTSPACING: ( Different Layer Cut Spacing ) Regular Wire of Net n507  ( metal1 )
Bounds : ( 65.700, 598.200 ) ( 66.300, 598.800 )


CUTSPACING: ( Different Layer Cut Spacing ) Regular Wire of Net n136  ( metal1 )
Bounds : ( 65.700, 634.200 ) ( 66.300, 634.800 )


CUTSPACING: ( Different Layer Cut Spacing ) Regular Wire of Net n594  ( metal1 )
Bounds : ( 72.900, 631.200 ) ( 73.500, 631.800 )


CUTSPACING: ( Different Layer Cut Spacing ) Regular Wire of Net n584  ( metal1 )
Bounds : ( 80.100, 595.200 ) ( 80.700, 595.800 )


CUTSPACING: ( Different Layer Cut Spacing ) Regular Wire of Net n598  ( metal1 )
Bounds : ( 82.500, 598.200 ) ( 83.100, 598.800 )


CUTSPACING: ( Different Layer Cut Spacing ) Regular Wire of Net n138 & Regular Wire of Net n597  ( metal1 )
Bounds : ( 89.700, 634.200 ) ( 90.300, 634.800 )


CUTSPACING: ( Different Layer Cut Spacing ) Regular Wire of Net dp_rf_REGS[21]  ( metal1 )
Bounds : ( 135.300, 589.200 ) ( 135.900, 589.800 )


CUTSPACING: ( Different Layer Cut Spacing ) Regular Wire of Net n145  ( metal1 )
Bounds : ( 137.700, 658.200 ) ( 138.300, 658.800 )


CUTSPACING: ( Different Layer Cut Spacing ) Regular Wire of Net n149  ( metal1 )
Bounds : ( 140.100, 598.200 ) ( 140.700, 598.800 )


CUTSPACING: ( Different Layer Cut Spacing ) Regular Wire of Net n504  ( metal1 )
Bounds : ( 140.100, 655.200 ) ( 140.700, 655.800 )


CUTSPACING: ( Different Layer Cut Spacing ) Regular Wire of Net n426  ( metal1 )
Bounds : ( 142.500, 634.200 ) ( 143.100, 634.800 )


CUTSPACING: ( Different Layer Cut Spacing ) Regular Wire of Net n149  ( metal1 )
Bounds : ( 144.900, 598.200 ) ( 145.500, 598.800 )


CUTSPACING: ( Different Layer Cut Spacing ) Regular Wire of Net n594  ( metal1 )
Bounds : ( 144.900, 631.200 ) ( 145.500, 631.800 )


CUTSPACING: ( Different Layer Cut Spacing ) Regular Wire of Net n194  ( metal1 )
Bounds : ( 149.700, 598.200 ) ( 150.300, 598.800 )


CUTSPACING: ( Different Layer Cut Spacing ) Regular Wire of Net n185  ( metal1 )
Bounds : ( 159.300, 628.200 ) ( 159.900, 628.800 )


CUTSPACING: ( Different Layer Cut Spacing ) Regular Wire of Net n200  ( metal1 )
Bounds : ( 161.700, 625.200 ) ( 162.300, 625.800 )


CUTSPACING: ( Different Layer Cut Spacing ) Regular Wire of Net n45  ( metal1 )
Bounds : ( 168.900, 598.200 ) ( 169.500, 598.800 )


CUTSPACING: ( Different Layer Cut Spacing ) Regular Wire of Net n198  ( metal1 )
Bounds : ( 178.500, 625.200 ) ( 179.100, 625.800 )


CUTSPACING: ( Different Layer Cut Spacing ) Regular Wire of Net n42  ( metal1 )
Bounds : ( 180.900, 631.200 ) ( 181.500, 631.800 )


CUTSPACING: ( Different Layer Cut Spacing ) Regular Wire of Net n42  ( metal1 )
Bounds : ( 183.300, 598.200 ) ( 183.900, 598.800 )


CUTSPACING: ( Different Layer Cut Spacing ) Regular Wire of Net n606  ( metal1 )
Bounds : ( 183.300, 655.200 ) ( 183.900, 655.800 )


CUTSPACING: ( Different Layer Cut Spacing ) Regular Wire of Net n372  ( metal1 )
Bounds : ( 303.300, 535.200 ) ( 303.900, 535.800 )


CUTSPACING: ( Different Layer Cut Spacing ) Regular Wire of Net dp_rf_REGS[22]  ( metal1 )
Bounds : ( 310.500, 580.200 ) ( 311.100, 580.800 )


CUTSPACING: ( Different Layer Cut Spacing ) Regular Wire of Net n169  ( metal1 )
Bounds : ( 317.700, 535.200 ) ( 318.300, 535.800 )


CUTSPACING: ( Different Layer Cut Spacing ) Regular Wire of Net n124  ( metal1 )
Bounds : ( 322.500, 514.200 ) ( 323.100, 514.800 )


CUTSPACING: ( Different Layer Cut Spacing ) Regular Wire of Net n167  ( metal1 )
Bounds : ( 327.300, 535.200 ) ( 327.900, 535.800 )


CUTSPACING: ( Different Layer Cut Spacing ) Regular Wire of Net n122  ( metal1 )
Bounds : ( 336.900, 514.200 ) ( 337.500, 514.800 )


CUTSPACING: ( Different Layer Cut Spacing ) Regular Wire of Net n167  ( metal1 )
Bounds : ( 336.900, 535.200 ) ( 337.500, 535.800 )


CUTSPACING: ( Different Layer Cut Spacing ) Regular Wire of Net n169  ( metal1 )
Bounds : ( 346.500, 535.200 ) ( 347.100, 535.800 )


CUTSPACING: ( Different Layer Cut Spacing ) Regular Wire of Net n441  ( metal1 )
Bounds : ( 356.100, 535.200 ) ( 356.700, 535.800 )


CUTSPACING: ( Different Layer Cut Spacing ) Regular Wire of Net n442  ( metal1 )
Bounds : ( 358.500, 538.200 ) ( 359.100, 538.800 )


CUTSPACING: ( Different Layer Cut Spacing ) Regular Wire of Net n440  ( metal1 )
Bounds : ( 363.300, 535.200 ) ( 363.900, 535.800 )


CUTSPACING: ( Different Layer Cut Spacing ) Regular Wire of Net n187  ( metal1 )
Bounds : ( 372.900, 574.200 ) ( 373.500, 574.800 )


CUTSPACING: ( Different Layer Cut Spacing ) Regular Wire of Net n104  ( metal1 )
Bounds : ( 380.100, 571.200 ) ( 380.700, 571.800 )


CUTSPACING: ( Different Layer Cut Spacing ) Regular Wire of Net n199  ( metal1 )
Bounds : ( 197.700, 508.200 ) ( 198.300, 508.800 )


CUTSPACING: ( Different Layer Cut Spacing ) Regular Wire of Net n42  ( metal1 )
Bounds : ( 200.100, 511.200 ) ( 200.700, 511.800 )


CUTSPACING: ( Different Layer Cut Spacing ) Regular Wire of Net n199 & Regular Wire of Net n188  ( metal1 )
Bounds : ( 204.900, 508.200 ) ( 205.500, 508.800 )


CUTSPACING: ( Different Layer Cut Spacing ) Regular Wire of Net n131  ( metal1 )
Bounds : ( 204.900, 535.200 ) ( 205.500, 535.800 )


CUTSPACING: ( Different Layer Cut Spacing ) Regular Wire of Net n133  ( metal1 )
Bounds : ( 214.500, 535.200 ) ( 215.100, 535.800 )


CUTSPACING: ( Different Layer Cut Spacing ) Regular Wire of Net test_se  ( metal1 )
Bounds : ( 216.900, 571.200 ) ( 217.500, 571.800 )


CUTSPACING: ( Different Layer Cut Spacing ) Regular Wire of Net n365  ( metal1 )
Bounds : ( 221.700, 511.200 ) ( 222.300, 511.800 )


CUTSPACING: ( Different Layer Cut Spacing ) Regular Wire of Net n588 & Regular Wire of Net n435  ( metal1 )
Bounds : ( 231.300, 541.200 ) ( 231.900, 541.800 )


CUTSPACING: ( Different Layer Cut Spacing ) Regular Wire of Net n421  ( metal1 )
Bounds : ( 238.500, 514.200 ) ( 239.100, 514.800 )


CUTSPACING: ( Different Layer Cut Spacing ) Regular Wire of Net n422  ( metal1 )
Bounds : ( 240.900, 511.200 ) ( 241.500, 511.800 )


CUTSPACING: ( Different Layer Cut Spacing ) Regular Wire of Net n192  ( metal1 )
Bounds : ( 240.900, 571.200 ) ( 241.500, 571.800 )


CUTSPACING: ( Different Layer Cut Spacing ) Regular Wire of Net n187  ( metal1 )
Bounds : ( 243.300, 574.200 ) ( 243.900, 574.800 )


CUTSPACING: ( Different Layer Cut Spacing ) Regular Wire of Net n422  ( metal1 )
Bounds : ( 245.700, 535.200 ) ( 246.300, 535.800 )


CUTSPACING: ( Different Layer Cut Spacing ) Regular Wire of Net n392  ( metal1 )
Bounds : ( 255.300, 514.200 ) ( 255.900, 514.800 )


CUTSPACING: ( Different Layer Cut Spacing ) Regular Wire of Net dp_rf_REGS[17]  ( metal1 )
Bounds : ( 264.900, 520.200 ) ( 265.500, 520.800 )


CUTSPACING: ( Different Layer Cut Spacing ) Regular Wire of Net test_se  ( metal1 )
Bounds : ( 264.900, 571.200 ) ( 265.500, 571.800 )


CUTSPACING: ( Different Layer Cut Spacing ) Regular Wire of Net n160 & Regular Wire of Net n158  ( metal1 )
Bounds : ( 267.300, 535.200 ) ( 267.900, 535.800 )


CUTSPACING: ( Different Layer Cut Spacing ) Regular Wire of Net dp_rf_REGS[21]  ( metal1 )
Bounds : ( 274.500, 571.200 ) ( 275.100, 571.800 )


CUTSPACING: ( Different Layer Cut Spacing ) Regular Wire of Net n160 & Regular Wire of Net n377  ( metal1 )
Bounds : ( 276.900, 535.200 ) ( 277.500, 535.800 )


CUTSPACING: ( Different Layer Cut Spacing ) Regular Wire of Net n377  ( metal1 )
Bounds : ( 279.300, 535.200 ) ( 279.900, 535.800 )


CUTSPACING: ( Different Layer Cut Spacing ) Regular Wire of Net n378  ( metal1 )
Bounds : ( 281.700, 538.200 ) ( 282.300, 538.800 )


CUTSPACING: ( Different Layer Cut Spacing ) Regular Wire of Net n376  ( metal1 )
Bounds : ( 286.500, 535.200 ) ( 287.100, 535.800 )


CUTSPACING: ( Different Layer Cut Spacing ) Regular Wire of Net n590  ( metal1 )
Bounds : ( 286.500, 541.200 ) ( 287.100, 541.800 )


CUTSPACING: ( Different Layer Cut Spacing ) Regular Wire of Net clk  ( metal1 )
Bounds : ( 286.500, 574.200 ) ( 287.100, 574.800 )


CUTSPACING: ( Different Layer Cut Spacing ) Regular Wire of Net clk  ( metal1 )
Bounds : ( 288.900, 514.200 ) ( 289.500, 514.800 )


CUTSPACING: ( Different Layer Cut Spacing ) Regular Wire of Net n122  ( metal1 )
Bounds : ( 291.300, 538.200 ) ( 291.900, 538.800 )


CUTSPACING: ( Different Layer Cut Spacing ) Regular Wire of Net n189  ( metal1 )
Bounds : ( 308.100, 475.200 ) ( 308.700, 475.800 )


CUTSPACING: ( Different Layer Cut Spacing ) Regular Wire of Net n484  ( metal1 )
Bounds : ( 312.900, 475.200 ) ( 313.500, 475.800 )


CUTSPACING: ( Different Layer Cut Spacing ) Regular Wire of Net n169 & Regular Wire of Net n600  ( metal1 )
Bounds : ( 317.700, 475.200 ) ( 318.300, 475.800 )


CUTSPACING: ( Different Layer Cut Spacing ) Regular Wire of Net n169  ( metal1 )
Bounds : ( 322.500, 451.200 ) ( 323.100, 451.800 )


CUTSPACING: ( Different Layer Cut Spacing ) Regular Wire of Net dp_md[7]  ( metal1 )
Bounds : ( 329.700, 400.200 ) ( 330.300, 400.800 )


CUTSPACING: ( Different Layer Cut Spacing ) Regular Wire of Net n122  ( metal1 )
Bounds : ( 336.900, 478.200 ) ( 337.500, 478.800 )


CUTSPACING: ( Different Layer Cut Spacing ) Regular Wire of Net n191 & Regular Wire of Net n187  ( metal1 )
Bounds : ( 344.100, 475.200 ) ( 344.700, 475.800 )


CUTSPACING: ( Different Layer Cut Spacing ) Regular Wire of Net n197  ( metal1 )
Bounds : ( 358.500, 451.200 ) ( 359.100, 451.800 )


CUTSPACING: ( Different Layer Cut Spacing ) Regular Wire of Net n182  ( metal1 )
Bounds : ( 363.300, 415.200 ) ( 363.900, 415.800 )


CUTSPACING: ( Different Layer Cut Spacing ) Regular Wire of Net n189  ( metal1 )
Bounds : ( 365.700, 418.200 ) ( 366.300, 418.800 )


CUTSPACING: ( Different Layer Cut Spacing ) Regular Wire of Net test_se  ( metal1 )
Bounds : ( 368.100, 451.200 ) ( 368.700, 451.800 )


CUTSPACING: ( Different Layer Cut Spacing ) Regular Wire of Net n477  ( metal1 )
Bounds : ( 370.500, 451.200 ) ( 371.100, 451.800 )


CUTSPACING: ( Different Layer Cut Spacing ) Regular Wire of Net n600  ( metal1 )
Bounds : ( 372.900, 415.200 ) ( 373.500, 415.800 )


CUTSPACING: ( Different Layer Cut Spacing ) Regular Wire of Net dp_rf_REGS[16]  ( metal1 )
Bounds : ( 375.300, 469.200 ) ( 375.900, 469.800 )


CUTSPACING: ( Different Layer Cut Spacing ) Regular Wire of Net n194 & Regular Wire of Net dp_rf_REGS[6]  ( metal1 )
Bounds : ( 377.700, 451.200 ) ( 378.300, 451.800 )


CUTSPACING: ( Different Layer Cut Spacing ) Regular Wire of Net n193 & Regular Wire of Net n115  ( metal1 )
Bounds : ( 389.700, 418.200 ) ( 390.300, 418.800 )


CUTSPACING: ( Different Layer Cut Spacing ) Regular Wire of Net clk  ( metal1 )
Bounds : ( 389.700, 454.200 ) ( 390.300, 454.800 )


CUTSPACING: ( Different Layer Cut Spacing ) Regular Wire of Net n491  ( metal1 )
Bounds : ( 219.300, 451.200 ) ( 219.900, 451.800 )


CUTSPACING: ( Different Layer Cut Spacing ) Regular Wire of Net n573  ( metal1 )
Bounds : ( 226.500, 394.200 ) ( 227.100, 394.800 )


CUTSPACING: ( Different Layer Cut Spacing ) Regular Wire of Net n600  ( metal1 )
Bounds : ( 226.500, 415.200 ) ( 227.100, 415.800 )


CUTSPACING: ( Different Layer Cut Spacing ) Regular Wire of Net n574  ( metal1 )
Bounds : ( 228.900, 391.200 ) ( 229.500, 391.800 )


CUTSPACING: ( Different Layer Cut Spacing ) Regular Wire of Net n192  ( metal1 )
Bounds : ( 233.700, 418.200 ) ( 234.300, 418.800 )


CUTSPACING: ( Different Layer Cut Spacing ) Regular Wire of Net n189  ( metal1 )
Bounds : ( 236.100, 415.200 ) ( 236.700, 415.800 )


CUTSPACING: ( Different Layer Cut Spacing ) Regular Wire of Net n572  ( metal1 )
Bounds : ( 238.500, 391.200 ) ( 239.100, 391.800 )


CUTSPACING: ( Different Layer Cut Spacing ) Regular Wire of Net n189  ( metal1 )
Bounds : ( 240.900, 415.200 ) ( 241.500, 415.800 )


CUTSPACING: ( Different Layer Cut Spacing ) Regular Wire of Net n189  ( metal1 )
Bounds : ( 240.900, 475.200 ) ( 241.500, 475.800 )


CUTSPACING: ( Different Layer Cut Spacing ) Regular Wire of Net n600  ( metal1 )
Bounds : ( 243.300, 418.200 ) ( 243.900, 418.800 )


CUTSPACING: ( Different Layer Cut Spacing ) Regular Wire of Net dp_md[5]  ( metal1 )
Bounds : ( 245.700, 391.200 ) ( 246.300, 391.800 )


CUTSPACING: ( Different Layer Cut Spacing ) Regular Wire of Net n491  ( metal1 )
Bounds : ( 245.700, 475.200 ) ( 246.300, 475.800 )


CUTSPACING: ( Different Layer Cut Spacing ) Regular Wire of Net clk  ( metal1 )
Bounds : ( 257.700, 394.200 ) ( 258.300, 394.800 )


CUTSPACING: ( Different Layer Cut Spacing ) Regular Wire of Net dp_rf_REGS[5]  ( metal1 )
Bounds : ( 262.500, 460.200 ) ( 263.100, 460.800 )


CUTSPACING: ( Different Layer Cut Spacing ) Regular Wire of Net clk  ( metal1 )
Bounds : ( 269.700, 415.200 ) ( 270.300, 415.800 )


CUTSPACING: ( Different Layer Cut Spacing ) Regular Wire of Net n160  ( metal1 )
Bounds : ( 276.900, 478.200 ) ( 277.500, 478.800 )


CUTSPACING: ( Different Layer Cut Spacing ) Regular Wire of Net n574  ( metal1 )
Bounds : ( 286.500, 391.200 ) ( 287.100, 391.800 )


CUTSPACING: ( Different Layer Cut Spacing ) Regular Wire of Net clk  ( metal1 )
Bounds : ( 286.500, 454.200 ) ( 287.100, 454.800 )


CUTSPACING: ( Different Layer Cut Spacing ) Regular Wire of Net n69  ( metal1 )
Bounds : ( 106.500, 514.200 ) ( 107.100, 514.800 )


CUTSPACING: ( Different Layer Cut Spacing ) Regular Wire of Net n602  ( metal1 )
Bounds : ( 106.500, 574.200 ) ( 107.100, 574.800 )


CUTSPACING: ( Different Layer Cut Spacing ) Regular Wire of Net n365  ( metal1 )
Bounds : ( 108.900, 511.200 ) ( 109.500, 511.800 )


CUTSPACING: ( Different Layer Cut Spacing ) Regular Wire of Net n366  ( metal1 )
Bounds : ( 108.900, 538.200 ) ( 109.500, 538.800 )


CUTSPACING: ( Different Layer Cut Spacing ) Regular Wire of Net n67 & Regular Wire of Net n366  ( metal1 )
Bounds : ( 111.300, 508.200 ) ( 111.900, 508.800 )


CUTSPACING: ( Different Layer Cut Spacing ) Regular Wire of Net n602 & Regular Wire of Net n507  ( metal1 )
Bounds : ( 111.300, 574.200 ) ( 111.900, 574.800 )


CUTSPACING: ( Different Layer Cut Spacing ) Regular Wire of Net n193  ( metal1 )
Bounds : ( 113.700, 571.200 ) ( 114.300, 571.800 )


CUTSPACING: ( Different Layer Cut Spacing ) Regular Wire of Net n387  ( metal1 )
Bounds : ( 128.100, 535.200 ) ( 128.700, 535.800 )


CUTSPACING: ( Different Layer Cut Spacing ) Regular Wire of Net n388  ( metal1 )
Bounds : ( 130.500, 538.200 ) ( 131.100, 538.800 )


CUTSPACING: ( Different Layer Cut Spacing ) Regular Wire of Net n383  ( metal1 )
Bounds : ( 142.500, 511.200 ) ( 143.100, 511.800 )


CUTSPACING: ( Different Layer Cut Spacing ) Regular Wire of Net n426  ( metal1 )
Bounds : ( 142.500, 574.200 ) ( 143.100, 574.800 )


CUTSPACING: ( Different Layer Cut Spacing ) Regular Wire of Net n427  ( metal1 )
Bounds : ( 144.900, 571.200 ) ( 145.500, 571.800 )


CUTSPACING: ( Different Layer Cut Spacing ) Regular Wire of Net n381  ( metal1 )
Bounds : ( 147.300, 514.200 ) ( 147.900, 514.800 )


CUTSPACING: ( Different Layer Cut Spacing ) Regular Wire of Net n588  ( metal1 )
Bounds : ( 149.700, 568.200 ) ( 150.300, 568.800 )


CUTSPACING: ( Different Layer Cut Spacing ) Regular Wire of Net n365  ( metal1 )
Bounds : ( 156.900, 511.200 ) ( 157.500, 511.800 )


CUTSPACING: ( Different Layer Cut Spacing ) Regular Wire of Net n151  ( metal1 )
Bounds : ( 156.900, 535.200 ) ( 157.500, 535.800 )


CUTSPACING: ( Different Layer Cut Spacing ) Regular Wire of Net n427  ( metal1 )
Bounds : ( 161.700, 535.200 ) ( 162.300, 535.800 )


CUTSPACING: ( Different Layer Cut Spacing ) Regular Wire of Net dp_rf_REGS[18]  ( metal1 )
Bounds : ( 171.300, 580.200 ) ( 171.900, 580.800 )


CUTSPACING: ( Different Layer Cut Spacing ) Regular Wire of Net n200  ( metal1 )
Bounds : ( 178.500, 508.200 ) ( 179.100, 508.800 )


CUTSPACING: ( Different Layer Cut Spacing ) Regular Wire of Net n45  ( metal1 )
Bounds : ( 180.900, 511.200 ) ( 181.500, 511.800 )


CUTSPACING: ( Different Layer Cut Spacing ) Regular Wire of Net dp_n10  ( metal1 )
Bounds : ( 24.900, 514.200 ) ( 25.500, 514.800 )


CUTSPACING: ( Different Layer Cut Spacing ) Regular Wire of Net n585  ( metal1 )
Bounds : ( 24.900, 574.200 ) ( 25.500, 574.800 )


CUTSPACING: ( Different Layer Cut Spacing ) Regular Wire of Net n71  ( metal1 )
Bounds : ( 27.300, 538.200 ) ( 27.900, 538.800 )


CUTSPACING: ( Different Layer Cut Spacing ) Regular Wire of Net n594  ( metal1 )
Bounds : ( 27.300, 571.200 ) ( 27.900, 571.800 )


CUTSPACING: ( Different Layer Cut Spacing ) Regular Wire of Net dp_n10  ( metal1 )
Bounds : ( 34.500, 574.200 ) ( 35.100, 574.800 )


CUTSPACING: ( Different Layer Cut Spacing ) Regular Wire of Net dp_n11  ( metal1 )
Bounds : ( 36.900, 514.200 ) ( 37.500, 514.800 )


CUTSPACING: ( Different Layer Cut Spacing ) Regular Wire of Net n586  ( metal1 )
Bounds : ( 41.700, 571.200 ) ( 42.300, 571.800 )


CUTSPACING: ( Different Layer Cut Spacing ) Regular Wire of Net n73  ( metal1 )
Bounds : ( 48.900, 508.200 ) ( 49.500, 508.800 )


CUTSPACING: ( Different Layer Cut Spacing ) Regular Wire of Net dp_n11  ( metal1 )
Bounds : ( 53.700, 514.200 ) ( 54.300, 514.800 )


CUTSPACING: ( Different Layer Cut Spacing ) Regular Wire of Net dp_n14  ( metal1 )
Bounds : ( 82.500, 511.200 ) ( 83.100, 511.800 )


CUTSPACING: ( Different Layer Cut Spacing ) Regular Wire of Net dp_n13  ( metal1 )
Bounds : ( 84.900, 514.200 ) ( 85.500, 514.800 )


CUTSPACING: ( Different Layer Cut Spacing ) Regular Wire of Net n588  ( metal1 )
Bounds : ( 89.700, 568.200 ) ( 90.300, 568.800 )


CUTSPACING: ( Different Layer Cut Spacing ) Regular Wire of Net n430  ( metal1 )
Bounds : ( 89.700, 574.200 ) ( 90.300, 574.800 )


CUTSPACING: ( Different Layer Cut Spacing ) Regular Wire of Net dp_n13  ( metal1 )
Bounds : ( 94.500, 514.200 ) ( 95.100, 514.800 )


CUTSPACING: ( Different Layer Cut Spacing ) Regular Wire of Net n69  ( metal1 )
Bounds : ( 106.500, 481.200 ) ( 107.100, 481.800 )


CUTSPACING: ( Different Layer Cut Spacing ) Regular Wire of Net n587  ( metal1 )
Bounds : ( 108.900, 418.200 ) ( 109.500, 418.800 )


CUTSPACING: ( Different Layer Cut Spacing ) Regular Wire of Net n366  ( metal1 )
Bounds : ( 108.900, 478.200 ) ( 109.500, 478.800 )


CUTSPACING: ( Different Layer Cut Spacing ) Regular Wire of Net n448  ( metal1 )
Bounds : ( 111.300, 415.200 ) ( 111.900, 415.800 )


CUTSPACING: ( Different Layer Cut Spacing ) Regular Wire of Net dp_n13  ( metal1 )
Bounds : ( 111.300, 460.200 ) ( 111.900, 460.800 )


CUTSPACING: ( Different Layer Cut Spacing ) Regular Wire of Net n357  ( metal1 )
Bounds : ( 113.700, 418.200 ) ( 114.300, 418.800 )


CUTSPACING: ( Different Layer Cut Spacing ) Regular Wire of Net test_se  ( metal1 )
Bounds : ( 113.700, 451.200 ) ( 114.300, 451.800 )


CUTSPACING: ( Different Layer Cut Spacing ) Regular Wire of Net n448  ( metal1 )
Bounds : ( 116.100, 451.200 ) ( 116.700, 451.800 )


CUTSPACING: ( Different Layer Cut Spacing ) Regular Wire of Net n587  ( metal1 )
Bounds : ( 123.300, 478.200 ) ( 123.900, 478.800 )


CUTSPACING: ( Different Layer Cut Spacing ) Regular Wire of Net dp_n12  ( metal1 )
Bounds : ( 125.700, 475.200 ) ( 126.300, 475.800 )


CUTSPACING: ( Different Layer Cut Spacing ) Regular Wire of Net dp_n18  ( metal1 )
Bounds : ( 132.900, 415.200 ) ( 133.500, 415.800 )


CUTSPACING: ( Different Layer Cut Spacing ) Regular Wire of Net n590  ( metal1 )
Bounds : ( 137.700, 415.200 ) ( 138.300, 415.800 )


CUTSPACING: ( Different Layer Cut Spacing ) Regular Wire of Net n151  ( metal1 )
Bounds : ( 144.900, 478.200 ) ( 145.500, 478.800 )


CUTSPACING: ( Different Layer Cut Spacing ) Regular Wire of Net n200  ( metal1 )
Bounds : ( 152.100, 391.200 ) ( 152.700, 391.800 )


CUTSPACING: ( Different Layer Cut Spacing ) Regular Wire of Net dp_n17  ( metal1 )
Bounds : ( 154.500, 394.200 ) ( 155.100, 394.800 )


CUTSPACING: ( Different Layer Cut Spacing ) Regular Wire of Net n600 & Regular Wire of Net dp_n12  ( metal1 )
Bounds : ( 159.300, 475.200 ) ( 159.900, 475.800 )


CUTSPACING: ( Different Layer Cut Spacing ) Regular Wire of Net n151  ( metal1 )
Bounds : ( 161.700, 478.200 ) ( 162.300, 478.800 )


CUTSPACING: ( Different Layer Cut Spacing ) Regular Wire of Net n194  ( metal1 )
Bounds : ( 166.500, 478.200 ) ( 167.100, 478.800 )


CUTSPACING: ( Different Layer Cut Spacing ) Regular Wire of Net n189  ( metal1 )
Bounds : ( 168.900, 475.200 ) ( 169.500, 475.800 )


CUTSPACING: ( Different Layer Cut Spacing ) Regular Wire of Net test_se  ( metal1 )
Bounds : ( 178.500, 478.200 ) ( 179.100, 478.800 )


CUTSPACING: ( Different Layer Cut Spacing ) Regular Wire of Net n193  ( metal1 )
Bounds : ( 188.100, 418.200 ) ( 188.700, 418.800 )


CUTSPACING: ( Different Layer Cut Spacing ) Regular Wire of Net dp_rf_REGS[3]  ( metal1 )
Bounds : ( 188.100, 478.200 ) ( 188.700, 478.800 )


CUTSPACING: ( Different Layer Cut Spacing ) Regular Wire of Net n189  ( metal1 )
Bounds : ( 190.500, 415.200 ) ( 191.100, 415.800 )


CUTSPACING: ( Different Layer Cut Spacing ) Regular Wire of Net dp_n10  ( metal1 )
Bounds : ( 17.700, 460.200 ) ( 18.300, 460.800 )


CUTSPACING: ( Different Layer Cut Spacing ) Regular Wire of Net dp_n11  ( metal1 )
Bounds : ( 29.700, 469.200 ) ( 30.300, 469.800 )


CUTSPACING: ( Different Layer Cut Spacing ) Regular Wire of Net clk  ( metal1 )
Bounds : ( 53.700, 475.200 ) ( 54.300, 475.800 )


CUTSPACING: ( Different Layer Cut Spacing ) Regular Wire of Net n446  ( metal1 )
Bounds : ( 60.900, 451.200 ) ( 61.500, 451.800 )


CUTSPACING: ( Different Layer Cut Spacing ) Regular Wire of Net test_se  ( metal1 )
Bounds : ( 63.300, 451.200 ) ( 63.900, 451.800 )


CUTSPACING: ( Different Layer Cut Spacing ) Regular Wire of Net test_se  ( metal1 )
Bounds : ( 65.700, 451.200 ) ( 66.300, 451.800 )


CUTSPACING: ( Different Layer Cut Spacing ) Regular Wire of Net n449  ( metal1 )
Bounds : ( 68.100, 451.200 ) ( 68.700, 451.800 )


CUTSPACING: ( Different Layer Cut Spacing ) Regular Wire of Net n447  ( metal1 )
Bounds : ( 72.900, 478.200 ) ( 73.500, 478.800 )


CUTSPACING: ( Different Layer Cut Spacing ) Regular Wire of Net test_se  ( metal1 )
Bounds : ( 75.300, 478.200 ) ( 75.900, 478.800 )


CUTSPACING: ( Different Layer Cut Spacing ) Regular Wire of Net dp_n13  ( metal1 )
Bounds : ( 84.900, 475.200 ) ( 85.500, 475.800 )


CUTSPACING: ( Different Layer Cut Spacing ) Regular Wire of Net clk  ( metal1 )
Bounds : ( 87.300, 454.200 ) ( 87.900, 454.800 )


SHORT: ( Out Of Die ) Regular Wire of Net memdata[7]  ( metal2 )
Bounds : ( -0.450, 400.050 ) ( 0.000, 400.950 )


SHORT: ( Out Of Die ) Regular Wire of Net memdata[6]  ( metal2 )
Bounds : ( -0.450, 403.050 ) ( 0.000, 403.950 )


SHORT: ( Out Of Die ) Regular Wire of Net memdata[5]  ( metal2 )
Bounds : ( -0.450, 406.050 ) ( 0.000, 406.950 )


SHORT: ( Out Of Die ) Regular Wire of Net memdata[4]  ( metal2 )
Bounds : ( -0.450, 409.050 ) ( 0.000, 409.950 )


SHORT: ( Out Of Die ) Regular Wire of Net memdata[3]  ( metal2 )
Bounds : ( -0.450, 412.050 ) ( 0.000, 412.950 )


SHORT: ( Out Of Die ) Regular Wire of Net memdata[2]  ( metal2 )
Bounds : ( -0.450, 415.050 ) ( 0.000, 415.950 )


SHORT: ( Out Of Die ) Regular Wire of Net memdata[1]  ( metal2 )
Bounds : ( -0.450, 418.050 ) ( 0.000, 418.950 )


SHORT: ( Out Of Die ) Regular Wire of Net memdata[0]  ( metal2 )
Bounds : ( -0.450, 421.050 ) ( 0.000, 421.950 )


CUTSPACING: ( Different Layer Cut Spacing ) Regular Wire of Net memdata[5]  ( metal1 )
Bounds : ( 22.500, 394.200 ) ( 23.100, 394.800 )


CUTSPACING: ( Different Layer Cut Spacing ) Regular Wire of Net n581  ( metal1 )
Bounds : ( 24.900, 391.200 ) ( 25.500, 391.800 )


CUTSPACING: ( Different Layer Cut Spacing ) Regular Wire of Net memdata[2]  ( metal1 )
Bounds : ( 27.300, 415.200 ) ( 27.900, 415.800 )


CUTSPACING: ( Different Layer Cut Spacing ) Regular Wire of Net memdata[7]  ( metal1 )
Bounds : ( 36.900, 394.200 ) ( 37.500, 394.800 )


CUTSPACING: ( Different Layer Cut Spacing ) Regular Wire of Net n357  ( metal1 )
Bounds : ( 46.500, 391.200 ) ( 47.100, 391.800 )


CUTSPACING: ( Different Layer Cut Spacing ) Regular Wire of Net n357  ( metal1 )
Bounds : ( 46.500, 418.200 ) ( 47.100, 418.800 )


CUTSPACING: ( Different Layer Cut Spacing ) Regular Wire of Net n447  ( metal1 )
Bounds : ( 48.900, 394.200 ) ( 49.500, 394.800 )


CUTSPACING: ( Different Layer Cut Spacing ) Regular Wire of Net n446  ( metal1 )
Bounds : ( 48.900, 415.200 ) ( 49.500, 415.800 )


CUTSPACING: ( Different Layer Cut Spacing ) Regular Wire of Net n581 & Regular Wire of Net n71  ( metal1 )
Bounds : ( 51.300, 391.200 ) ( 51.900, 391.800 )


CUTSPACING: ( Different Layer Cut Spacing ) Regular Wire of Net n73  ( metal1 )
Bounds : ( 51.300, 418.200 ) ( 51.900, 418.800 )


CUTSPACING: ( Different Layer Cut Spacing ) Regular Wire of Net n86  ( metal1 )
Bounds : ( 53.700, 394.200 ) ( 54.300, 394.800 )


CUTSPACING: ( Different Layer Cut Spacing ) Regular Wire of Net n565 & Regular Wire of Net n447  ( metal1 )
Bounds : ( 60.900, 394.200 ) ( 61.500, 394.800 )


CUTSPACING: ( Different Layer Cut Spacing ) Regular Wire of Net n357  ( metal1 )
Bounds : ( 63.300, 391.200 ) ( 63.900, 391.800 )


CUTSPACING: ( Different Layer Cut Spacing ) Regular Wire of Net n567  ( metal1 )
Bounds : ( 68.100, 415.200 ) ( 68.700, 415.800 )


CUTSPACING: ( Different Layer Cut Spacing ) Regular Wire of Net n573 & Regular Wire of Net n86  ( metal1 )
Bounds : ( 70.500, 394.200 ) ( 71.100, 394.800 )


CUTSPACING: ( Different Layer Cut Spacing ) Regular Wire of Net n357  ( metal1 )
Bounds : ( 70.500, 418.200 ) ( 71.100, 418.800 )


CUTSPACING: ( Different Layer Cut Spacing ) Regular Wire of Net n449  ( metal1 )
Bounds : ( 72.900, 415.200 ) ( 73.500, 415.800 )


CUTSPACING: ( Different Layer Cut Spacing ) Regular Wire of Net test_se  ( metal1 )
Bounds : ( 75.300, 391.200 ) ( 75.900, 391.800 )


CUTSPACING: ( Different Layer Cut Spacing ) Regular Wire of Net dp_n14  ( metal1 )
Bounds : ( 87.300, 415.200 ) ( 87.900, 415.800 )


CUTSPACING: ( Different Layer Cut Spacing ) Regular Wire of Net n115  ( metal1 )
Bounds : ( 392.100, 535.200 ) ( 392.700, 535.800 )


CUTSPACING: ( Different Layer Cut Spacing ) Regular Wire of Net n483  ( metal1 )
Bounds : ( 392.100, 634.200 ) ( 392.700, 634.800 )


SHORT: ( Out Of Die ) Regular Wire of Net writedata[0]  ( metal2 )
Bounds : ( 784.800, 328.050 ) ( 785.250, 328.950 )


SHORT: ( Out Of Die ) Regular Wire of Net writedata[1]  ( metal2 )
Bounds : ( 784.800, 331.050 ) ( 785.250, 331.950 )


SHORT: ( Out Of Die ) Regular Wire of Net writedata[2]  ( metal2 )
Bounds : ( 784.800, 334.050 ) ( 785.250, 334.950 )


SHORT: ( Out Of Die ) Regular Wire of Net writedata[3]  ( metal2 )
Bounds : ( 784.800, 337.050 ) ( 785.250, 337.950 )


SHORT: ( Out Of Die ) Regular Wire of Net writedata[4]  ( metal2 )
Bounds : ( 784.800, 340.050 ) ( 785.250, 340.950 )


SHORT: ( Out Of Die ) Regular Wire of Net writedata[5]  ( metal2 )
Bounds : ( 784.800, 343.050 ) ( 785.250, 343.950 )


SHORT: ( Out Of Die ) Regular Wire of Net writedata[6]  ( metal2 )
Bounds : ( 784.800, 346.050 ) ( 785.250, 346.950 )


SHORT: ( Out Of Die ) Regular Wire of Net test_so  ( metal2 )
Bounds : ( 784.800, 349.050 ) ( 785.250, 349.950 )


CUTSPACING: ( Different Layer Cut Spacing ) Regular Wire of Net n32  ( metal1 )
Bounds : ( 593.700, 295.200 ) ( 594.300, 295.800 )


CUTSPACING: ( Different Layer Cut Spacing ) Regular Wire of Net n253  ( metal1 )
Bounds : ( 598.500, 298.200 ) ( 599.100, 298.800 )


CUTSPACING: ( Different Layer Cut Spacing ) Regular Wire of Net writedata[4]  ( metal1 )
Bounds : ( 598.500, 349.200 ) ( 599.100, 349.800 )


CUTSPACING: ( Different Layer Cut Spacing ) Regular Wire of Net n254  ( metal1 )
Bounds : ( 600.900, 355.200 ) ( 601.500, 355.800 )


CUTSPACING: ( Different Layer Cut Spacing ) Regular Wire of Net n247  ( metal1 )
Bounds : ( 603.300, 331.200 ) ( 603.900, 331.800 )


CUTSPACING: ( Different Layer Cut Spacing ) Regular Wire of Net n252  ( metal1 )
Bounds : ( 610.500, 334.200 ) ( 611.100, 334.800 )


CUTSPACING: ( Different Layer Cut Spacing ) Regular Wire of Net n328  ( metal1 )
Bounds : ( 620.100, 355.200 ) ( 620.700, 355.800 )


CUTSPACING: ( Different Layer Cut Spacing ) Regular Wire of Net n249  ( metal1 )
Bounds : ( 624.900, 295.200 ) ( 625.500, 295.800 )


CUTSPACING: ( Different Layer Cut Spacing ) Regular Wire of Net n77  ( metal1 )
Bounds : ( 627.300, 292.200 ) ( 627.900, 292.800 )


CUTSPACING: ( Different Layer Cut Spacing ) Regular Wire of Net n327 & Regular Wire of Net n254  ( metal1 )
Bounds : ( 627.300, 328.200 ) ( 627.900, 328.800 )


CUTSPACING: ( Different Layer Cut Spacing ) Regular Wire of Net n16  ( metal1 )
Bounds : ( 632.100, 331.200 ) ( 632.700, 331.800 )


CUTSPACING: ( Different Layer Cut Spacing ) Regular Wire of Net n125  ( metal1 )
Bounds : ( 634.500, 358.200 ) ( 635.100, 358.800 )


CUTSPACING: ( Different Layer Cut Spacing ) Regular Wire of Net n16  ( metal1 )
Bounds : ( 639.300, 331.200 ) ( 639.900, 331.800 )


CUTSPACING: ( Different Layer Cut Spacing ) Regular Wire of Net n328  ( metal1 )
Bounds : ( 639.300, 355.200 ) ( 639.900, 355.800 )


CUTSPACING: ( Different Layer Cut Spacing ) Regular Wire of Net clk  ( metal1 )
Bounds : ( 588.900, 214.200 ) ( 589.500, 214.800 )


CUTSPACING: ( Different Layer Cut Spacing ) Regular Wire of Net n32  ( metal1 )
Bounds : ( 591.300, 271.200 ) ( 591.900, 271.800 )


CUTSPACING: ( Different Layer Cut Spacing ) Regular Wire of Net n248  ( metal1 )
Bounds : ( 598.500, 241.200 ) ( 599.100, 241.800 )


CUTSPACING: ( Different Layer Cut Spacing ) Regular Wire of Net n247  ( metal1 )
Bounds : ( 605.700, 235.200 ) ( 606.300, 235.800 )


CUTSPACING: ( Different Layer Cut Spacing ) Regular Wire of Net n32  ( metal1 )
Bounds : ( 612.900, 214.200 ) ( 613.500, 214.800 )


CUTSPACING: ( Different Layer Cut Spacing ) Regular Wire of Net n312 & Regular Wire of Net n295  ( metal1 )
Bounds : ( 627.300, 214.200 ) ( 627.900, 214.800 )


CUTSPACING: ( Different Layer Cut Spacing ) Regular Wire of Net n295 & Regular Wire of Net n9  ( metal1 )
Bounds : ( 627.300, 238.200 ) ( 627.900, 238.800 )


CUTSPACING: ( Different Layer Cut Spacing ) Regular Wire of Net n295  ( metal1 )
Bounds : ( 629.700, 214.200 ) ( 630.300, 214.800 )


CUTSPACING: ( Different Layer Cut Spacing ) Regular Wire of Net n250  ( metal1 )
Bounds : ( 629.700, 274.200 ) ( 630.300, 274.800 )


CUTSPACING: ( Different Layer Cut Spacing ) Regular Wire of Net n9  ( metal1 )
Bounds : ( 634.500, 241.200 ) ( 635.100, 241.800 )


CUTSPACING: ( Different Layer Cut Spacing ) Regular Wire of Net n243  ( metal1 )
Bounds : ( 492.900, 295.200 ) ( 493.500, 295.800 )


CUTSPACING: ( Different Layer Cut Spacing ) Regular Wire of Net n310  ( metal1 )
Bounds : ( 497.700, 361.200 ) ( 498.300, 361.800 )


CUTSPACING: ( Different Layer Cut Spacing ) Regular Wire of Net n28  ( metal1 )
Bounds : ( 502.500, 331.200 ) ( 503.100, 331.800 )


CUTSPACING: ( Different Layer Cut Spacing ) Regular Wire of Net writedata[6]  ( metal1 )
Bounds : ( 504.900, 349.200 ) ( 505.500, 349.800 )


CUTSPACING: ( Different Layer Cut Spacing ) Regular Wire of Net n28  ( metal1 )
Bounds : ( 509.700, 295.200 ) ( 510.300, 295.800 )


CUTSPACING: ( Different Layer Cut Spacing ) Regular Wire of Net dp_aluout[3] & Regular Wire of Net n240  ( metal1 )
Bounds : ( 512.100, 295.200 ) ( 512.700, 295.800 )


CUTSPACING: ( Different Layer Cut Spacing ) Regular Wire of Net n330  ( metal1 )
Bounds : ( 514.500, 331.200 ) ( 515.100, 331.800 )


CUTSPACING: ( Different Layer Cut Spacing ) Regular Wire of Net n246  ( metal1 )
Bounds : ( 519.300, 328.200 ) ( 519.900, 328.800 )


CUTSPACING: ( Different Layer Cut Spacing ) Regular Wire of Net n19  ( metal1 )
Bounds : ( 528.900, 331.200 ) ( 529.500, 331.800 )


CUTSPACING: ( Different Layer Cut Spacing ) Regular Wire of Net dp_aluout[5] & Regular Wire of Net clk  ( metal1 )
Bounds : ( 528.900, 355.200 ) ( 529.500, 355.800 )


CUTSPACING: ( Different Layer Cut Spacing ) Regular Wire of Net n87  ( metal1 )
Bounds : ( 540.900, 295.200 ) ( 541.500, 295.800 )


CUTSPACING: ( Different Layer Cut Spacing ) Regular Wire of Net n309  ( metal1 )
Bounds : ( 540.900, 328.200 ) ( 541.500, 328.800 )


CUTSPACING: ( Different Layer Cut Spacing ) Regular Wire of Net writedata[5]  ( metal1 )
Bounds : ( 540.900, 358.200 ) ( 541.500, 358.800 )


CUTSPACING: ( Different Layer Cut Spacing ) Regular Wire of Net n333  ( metal1 )
Bounds : ( 543.300, 331.200 ) ( 543.900, 331.800 )


CUTSPACING: ( Different Layer Cut Spacing ) Regular Wire of Net writedata[1]  ( metal1 )
Bounds : ( 545.700, 334.200 ) ( 546.300, 334.800 )


CUTSPACING: ( Different Layer Cut Spacing ) Regular Wire of Net n251 & Regular Wire of Net n339  ( metal1 )
Bounds : ( 548.100, 301.200 ) ( 548.700, 301.800 )


CUTSPACING: ( Different Layer Cut Spacing ) Regular Wire of Net dp_rd2[6]  ( metal1 )
Bounds : ( 548.100, 358.200 ) ( 548.700, 358.800 )


CUTSPACING: ( Different Layer Cut Spacing ) Regular Wire of Net test_se  ( metal1 )
Bounds : ( 550.500, 358.200 ) ( 551.100, 358.800 )


CUTSPACING: ( Different Layer Cut Spacing ) Regular Wire of Net test_se  ( metal1 )
Bounds : ( 552.900, 358.200 ) ( 553.500, 358.800 )


CUTSPACING: ( Different Layer Cut Spacing ) Regular Wire of Net writedata[3]  ( metal1 )
Bounds : ( 562.500, 358.200 ) ( 563.100, 358.800 )


CUTSPACING: ( Different Layer Cut Spacing ) Regular Wire of Net n326  ( metal1 )
Bounds : ( 564.900, 331.200 ) ( 565.500, 331.800 )


CUTSPACING: ( Different Layer Cut Spacing ) Regular Wire of Net writedata[3] & Regular Wire of Net n326  ( metal1 )
Bounds : ( 569.700, 331.200 ) ( 570.300, 331.800 )


CUTSPACING: ( Different Layer Cut Spacing ) Regular Wire of Net n87  ( metal1 )
Bounds : ( 579.300, 295.200 ) ( 579.900, 295.800 )


CUTSPACING: ( Different Layer Cut Spacing ) Regular Wire of Net n56  ( metal1 )
Bounds : ( 581.700, 298.200 ) ( 582.300, 298.800 )


CUTSPACING: ( Different Layer Cut Spacing ) Regular Wire of Net n271  ( metal1 )
Bounds : ( 586.500, 295.200 ) ( 587.100, 295.800 )


CUTSPACING: ( Different Layer Cut Spacing ) Regular Wire of Net n193  ( metal1 )
Bounds : ( 394.500, 295.200 ) ( 395.100, 295.800 )


CUTSPACING: ( Different Layer Cut Spacing ) Regular Wire of Net n190  ( metal1 )
Bounds : ( 396.900, 331.200 ) ( 397.500, 331.800 )


CUTSPACING: ( Different Layer Cut Spacing ) Regular Wire of Net dp_aluout[3]  ( metal1 )
Bounds : ( 399.300, 295.200 ) ( 399.900, 295.800 )


CUTSPACING: ( Different Layer Cut Spacing ) Regular Wire of Net n29 & Regular Wire of Net n260  ( metal1 )
Bounds : ( 408.900, 295.200 ) ( 409.500, 295.800 )


CUTSPACING: ( Different Layer Cut Spacing ) Regular Wire of Net n195  ( metal1 )
Bounds : ( 413.700, 355.200 ) ( 414.300, 355.800 )


CUTSPACING: ( Different Layer Cut Spacing ) Regular Wire of Net n259  ( metal1 )
Bounds : ( 416.100, 298.200 ) ( 416.700, 298.800 )


CUTSPACING: ( Different Layer Cut Spacing ) Regular Wire of Net dp_aluout[5]  ( metal1 )
Bounds : ( 418.500, 355.200 ) ( 419.100, 355.800 )


CUTSPACING: ( Different Layer Cut Spacing ) Regular Wire of Net n260  ( metal1 )
Bounds : ( 423.300, 295.200 ) ( 423.900, 295.800 )


CUTSPACING: ( Different Layer Cut Spacing ) Regular Wire of Net n260  ( metal1 )
Bounds : ( 425.700, 331.200 ) ( 426.300, 331.800 )


CUTSPACING: ( Different Layer Cut Spacing ) Regular Wire of Net n78  ( metal1 )
Bounds : ( 430.500, 358.200 ) ( 431.100, 358.800 )


CUTSPACING: ( Different Layer Cut Spacing ) Regular Wire of Net n264 & Regular Wire of Net n78  ( metal1 )
Bounds : ( 432.900, 355.200 ) ( 433.500, 355.800 )


CUTSPACING: ( Different Layer Cut Spacing ) Regular Wire of Net n78  ( metal1 )
Bounds : ( 435.300, 355.200 ) ( 435.900, 355.800 )


CUTSPACING: ( Different Layer Cut Spacing ) Regular Wire of Net n335  ( metal1 )
Bounds : ( 437.700, 298.200 ) ( 438.300, 298.800 )


CUTSPACING: ( Different Layer Cut Spacing ) Regular Wire of Net n335  ( metal1 )
Bounds : ( 440.100, 334.200 ) ( 440.700, 334.800 )


CUTSPACING: ( Different Layer Cut Spacing ) Regular Wire of Net n334  ( metal1 )
Bounds : ( 442.500, 361.200 ) ( 443.100, 361.800 )


CUTSPACING: ( Different Layer Cut Spacing ) Regular Wire of Net n263  ( metal1 )
Bounds : ( 444.900, 295.200 ) ( 445.500, 295.800 )


CUTSPACING: ( Different Layer Cut Spacing ) Regular Wire of Net n261  ( metal1 )
Bounds : ( 449.700, 328.200 ) ( 450.300, 328.800 )


CUTSPACING: ( Different Layer Cut Spacing ) Regular Wire of Net n334  ( metal1 )
Bounds : ( 449.700, 334.200 ) ( 450.300, 334.800 )


CUTSPACING: ( Different Layer Cut Spacing ) Regular Wire of Net n335  ( metal1 )
Bounds : ( 456.900, 334.200 ) ( 457.500, 334.800 )


CUTSPACING: ( Different Layer Cut Spacing ) Regular Wire of Net n264  ( metal1 )
Bounds : ( 456.900, 355.200 ) ( 457.500, 355.800 )


CUTSPACING: ( Different Layer Cut Spacing ) Regular Wire of Net n310  ( metal1 )
Bounds : ( 471.300, 361.200 ) ( 471.900, 361.800 )


CUTSPACING: ( Different Layer Cut Spacing ) Regular Wire of Net n338  ( metal1 )
Bounds : ( 473.700, 358.200 ) ( 474.300, 358.800 )


CUTSPACING: ( Different Layer Cut Spacing ) Regular Wire of Net n242  ( metal1 )
Bounds : ( 485.700, 298.200 ) ( 486.300, 298.800 )


CUTSPACING: ( Different Layer Cut Spacing ) Regular Wire of Net n116  ( metal1 )
Bounds : ( 490.500, 358.200 ) ( 491.100, 358.800 )


CUTSPACING: ( Different Layer Cut Spacing ) Regular Wire of Net n262  ( metal1 )
Bounds : ( 495.300, 211.200 ) ( 495.900, 211.800 )


CUTSPACING: ( Different Layer Cut Spacing ) Regular Wire of Net n33  ( metal1 )
Bounds : ( 500.100, 238.200 ) ( 500.700, 238.800 )


CUTSPACING: ( Different Layer Cut Spacing ) Regular Wire of Net n345  ( metal1 )
Bounds : ( 500.100, 271.200 ) ( 500.700, 271.800 )


CUTSPACING: ( Different Layer Cut Spacing ) Regular Wire of Net writedata[6]  ( metal1 )
Bounds : ( 504.900, 271.200 ) ( 505.500, 271.800 )


CUTSPACING: ( Different Layer Cut Spacing ) Regular Wire of Net n59  ( metal1 )
Bounds : ( 509.700, 211.200 ) ( 510.300, 211.800 )


CUTSPACING: ( Different Layer Cut Spacing ) Regular Wire of Net dp_aluout[3]  ( metal1 )
Bounds : ( 516.900, 220.200 ) ( 517.500, 220.800 )


CUTSPACING: ( Different Layer Cut Spacing ) Regular Wire of Net n59  ( metal1 )
Bounds : ( 519.300, 238.200 ) ( 519.900, 238.800 )


CUTSPACING: ( Different Layer Cut Spacing ) Regular Wire of Net n345  ( metal1 )
Bounds : ( 524.100, 241.200 ) ( 524.700, 241.800 )


CUTSPACING: ( Different Layer Cut Spacing ) Regular Wire of Net n333  ( metal1 )
Bounds : ( 526.500, 268.200 ) ( 527.100, 268.800 )


CUTSPACING: ( Different Layer Cut Spacing ) Regular Wire of Net clk  ( metal1 )
Bounds : ( 540.900, 214.200 ) ( 541.500, 214.800 )


CUTSPACING: ( Different Layer Cut Spacing ) Regular Wire of Net n318  ( metal1 )
Bounds : ( 540.900, 271.200 ) ( 541.500, 271.800 )


CUTSPACING: ( Different Layer Cut Spacing ) Regular Wire of Net n287  ( metal1 )
Bounds : ( 548.100, 235.200 ) ( 548.700, 235.800 )


CUTSPACING: ( Different Layer Cut Spacing ) Regular Wire of Net n309  ( metal1 )
Bounds : ( 562.500, 235.200 ) ( 563.100, 235.800 )


CUTSPACING: ( Different Layer Cut Spacing ) Regular Wire of Net instr[2]  ( metal1 )
Bounds : ( 564.900, 274.200 ) ( 565.500, 274.800 )


CUTSPACING: ( Different Layer Cut Spacing ) Regular Wire of Net n339  ( metal1 )
Bounds : ( 567.300, 271.200 ) ( 567.900, 271.800 )


CUTSPACING: ( Different Layer Cut Spacing ) Regular Wire of Net writedata[2] & Regular Wire of Net n339  ( metal1 )
Bounds : ( 572.100, 271.200 ) ( 572.700, 271.800 )


CUTSPACING: ( Different Layer Cut Spacing ) Regular Wire of Net n279  ( metal1 )
Bounds : ( 584.100, 235.200 ) ( 584.700, 235.800 )


CUTSPACING: ( Different Layer Cut Spacing ) Regular Wire of Net n322  ( metal1 )
Bounds : ( 584.100, 241.200 ) ( 584.700, 241.800 )


CUTSPACING: ( Different Layer Cut Spacing ) Regular Wire of Net n60  ( metal1 )
Bounds : ( 396.900, 214.200 ) ( 397.500, 214.800 )


CUTSPACING: ( Different Layer Cut Spacing ) Regular Wire of Net n55  ( metal1 )
Bounds : ( 401.700, 271.200 ) ( 402.300, 271.800 )


CUTSPACING: ( Different Layer Cut Spacing ) Regular Wire of Net n308  ( metal1 )
Bounds : ( 404.100, 208.200 ) ( 404.700, 208.800 )


CUTSPACING: ( Different Layer Cut Spacing ) Regular Wire of Net n261  ( metal1 )
Bounds : ( 418.500, 214.200 ) ( 419.100, 214.800 )


CUTSPACING: ( Different Layer Cut Spacing ) Regular Wire of Net dp_a[7] & Regular Wire of Net n261  ( metal1 )
Bounds : ( 425.700, 214.200 ) ( 426.300, 214.800 )


CUTSPACING: ( Different Layer Cut Spacing ) Regular Wire of Net n258  ( metal1 )
Bounds : ( 425.700, 238.200 ) ( 426.300, 238.800 )


CUTSPACING: ( Different Layer Cut Spacing ) Regular Wire of Net n533  ( metal1 )
Bounds : ( 425.700, 268.200 ) ( 426.300, 268.800 )


CUTSPACING: ( Different Layer Cut Spacing ) Regular Wire of Net n311  ( metal1 )
Bounds : ( 428.100, 211.200 ) ( 428.700, 211.800 )


CUTSPACING: ( Different Layer Cut Spacing ) Regular Wire of Net n6 & Regular Wire of Net n259  ( metal1 )
Bounds : ( 428.100, 235.200 ) ( 428.700, 235.800 )


CUTSPACING: ( Different Layer Cut Spacing ) Regular Wire of Net n257  ( metal1 )
Bounds : ( 428.100, 265.200 ) ( 428.700, 265.800 )


CUTSPACING: ( Different Layer Cut Spacing ) Regular Wire of Net n310  ( metal1 )
Bounds : ( 430.500, 208.200 ) ( 431.100, 208.800 )


CUTSPACING: ( Different Layer Cut Spacing ) Regular Wire of Net n256 & Regular Wire of Net dp_a[7]  ( metal1 )
Bounds : ( 430.500, 271.200 ) ( 431.100, 271.800 )


CUTSPACING: ( Different Layer Cut Spacing ) Regular Wire of Net n259  ( metal1 )
Bounds : ( 432.900, 235.200 ) ( 433.500, 235.800 )


CUTSPACING: ( Different Layer Cut Spacing ) Regular Wire of Net n258  ( metal1 )
Bounds : ( 447.300, 238.200 ) ( 447.900, 238.800 )


CUTSPACING: ( Different Layer Cut Spacing ) Regular Wire of Net n35  ( metal1 )
Bounds : ( 452.100, 232.200 ) ( 452.700, 232.800 )


CUTSPACING: ( Different Layer Cut Spacing ) Regular Wire of Net n35  ( metal1 )
Bounds : ( 452.100, 265.200 ) ( 452.700, 265.800 )


CUTSPACING: ( Different Layer Cut Spacing ) Regular Wire of Net n264  ( metal1 )
Bounds : ( 454.500, 271.200 ) ( 455.100, 271.800 )


CUTSPACING: ( Different Layer Cut Spacing ) Regular Wire of Net n34  ( metal1 )
Bounds : ( 471.300, 211.200 ) ( 471.900, 211.800 )


CUTSPACING: ( Different Layer Cut Spacing ) Regular Wire of Net n237  ( metal1 )
Bounds : ( 471.300, 241.200 ) ( 471.900, 241.800 )


CUTSPACING: ( Different Layer Cut Spacing ) Regular Wire of Net n262  ( metal1 )
Bounds : ( 478.500, 214.200 ) ( 479.100, 214.800 )


CUTSPACING: ( Different Layer Cut Spacing ) Regular Wire of Net n242  ( metal1 )
Bounds : ( 478.500, 274.200 ) ( 479.100, 274.800 )


CUTSPACING: ( Different Layer Cut Spacing ) Regular Wire of Net n238  ( metal1 )
Bounds : ( 480.900, 241.200 ) ( 481.500, 241.800 )


CUTSPACING: ( Different Layer Cut Spacing ) Regular Wire of Net n241  ( metal1 )
Bounds : ( 480.900, 271.200 ) ( 481.500, 271.800 )


CUTSPACING: ( Different Layer Cut Spacing ) Regular Wire of Net n237  ( metal1 )
Bounds : ( 485.700, 238.200 ) ( 486.300, 238.800 )


SHORT: ( Out Of Die ) Regular Wire of Net adr[0]  ( metal2 )
Bounds : ( 784.800, 76.050 ) ( 785.250, 76.950 )


SHORT: ( Out Of Die ) Regular Wire of Net adr[1]  ( metal2 )
Bounds : ( 784.800, 79.050 ) ( 785.250, 79.950 )


SHORT: ( Out Of Die ) Regular Wire of Net adr[2]  ( metal2 )
Bounds : ( 784.800, 82.050 ) ( 785.250, 82.950 )


SHORT: ( Out Of Die ) Regular Wire of Net adr[3]  ( metal2 )
Bounds : ( 784.800, 85.050 ) ( 785.250, 85.950 )


SHORT: ( Out Of Die ) Regular Wire of Net adr[4]  ( metal2 )
Bounds : ( 784.800, 88.050 ) ( 785.250, 88.950 )


SHORT: ( Out Of Die ) Regular Wire of Net adr[5]  ( metal2 )
Bounds : ( 784.800, 91.050 ) ( 785.250, 91.950 )


SHORT: ( Out Of Die ) Regular Wire of Net adr[6]  ( metal2 )
Bounds : ( 784.800, 94.050 ) ( 785.250, 94.950 )


SHORT: ( Out Of Die ) Regular Wire of Net adr[7]  ( metal2 )
Bounds : ( 784.800, 97.050 ) ( 785.250, 97.950 )


CUTSPACING: ( Different Layer Cut Spacing ) Regular Wire of Net n14  ( metal1 )
Bounds : ( 588.900, 151.200 ) ( 589.500, 151.800 )


CUTSPACING: ( Different Layer Cut Spacing ) Regular Wire of Net n4  ( metal1 )
Bounds : ( 591.300, 88.200 ) ( 591.900, 88.800 )


CUTSPACING: ( Different Layer Cut Spacing ) Regular Wire of Net n216  ( metal1 )
Bounds : ( 591.300, 94.200 ) ( 591.900, 94.800 )


CUTSPACING: ( Different Layer Cut Spacing ) Regular Wire of Net n218  ( metal1 )
Bounds : ( 591.300, 115.200 ) ( 591.900, 115.800 )


CUTSPACING: ( Different Layer Cut Spacing ) Regular Wire of Net n216  ( metal1 )
Bounds : ( 596.100, 61.200 ) ( 596.700, 61.800 )


CUTSPACING: ( Different Layer Cut Spacing ) Regular Wire of Net n218 & Regular Wire of Net n14  ( metal1 )
Bounds : ( 596.100, 115.200 ) ( 596.700, 115.800 )


CUTSPACING: ( Different Layer Cut Spacing ) Regular Wire of Net clk  ( metal1 )
Bounds : ( 598.500, 34.200 ) ( 599.100, 34.800 )


CUTSPACING: ( Different Layer Cut Spacing ) Regular Wire of Net n207  ( metal1 )
Bounds : ( 600.900, 58.200 ) ( 601.500, 58.800 )


CUTSPACING: ( Different Layer Cut Spacing ) Regular Wire of Net dp_aluout[5]  ( metal1 )
Bounds : ( 610.500, 169.200 ) ( 611.100, 169.800 )


CUTSPACING: ( Different Layer Cut Spacing ) Regular Wire of Net dp_aluout[3]  ( metal1 )
Bounds : ( 615.300, 115.200 ) ( 615.900, 115.800 )


CUTSPACING: ( Different Layer Cut Spacing ) Regular Wire of Net n470  ( metal1 )
Bounds : ( 617.700, 55.200 ) ( 618.300, 55.800 )


CUTSPACING: ( Different Layer Cut Spacing ) Regular Wire of Net n135  ( metal1 )
Bounds : ( 617.700, 118.200 ) ( 618.300, 118.800 )


CUTSPACING: ( Different Layer Cut Spacing ) Regular Wire of Net dp_pc[3]  ( metal1 )
Bounds : ( 622.500, 40.200 ) ( 623.100, 40.800 )


CUTSPACING: ( Different Layer Cut Spacing ) Regular Wire of Net n207  ( metal1 )
Bounds : ( 622.500, 58.200 ) ( 623.100, 58.800 )


CUTSPACING: ( Different Layer Cut Spacing ) Regular Wire of Net test_se  ( metal1 )
Bounds : ( 624.900, 31.200 ) ( 625.500, 31.800 )


CUTSPACING: ( Different Layer Cut Spacing ) Regular Wire of Net n470  ( metal1 )
Bounds : ( 627.300, 31.200 ) ( 627.900, 31.800 )


CUTSPACING: ( Different Layer Cut Spacing ) Regular Wire of Net dp_aluout[5]  ( metal1 )
Bounds : ( 627.300, 154.200 ) ( 627.900, 154.800 )


CUTSPACING: ( Different Layer Cut Spacing ) Regular Wire of Net n7  ( metal1 )
Bounds : ( 627.300, 178.200 ) ( 627.900, 178.800 )


CUTSPACING: ( Different Layer Cut Spacing ) Regular Wire of Net n153  ( metal1 )
Bounds : ( 629.700, 151.200 ) ( 630.300, 151.800 )


CUTSPACING: ( Different Layer Cut Spacing ) Regular Wire of Net n125  ( metal1 )
Bounds : ( 634.500, 55.200 ) ( 635.100, 55.800 )


CUTSPACING: ( Different Layer Cut Spacing ) Regular Wire of Net n76  ( metal1 )
Bounds : ( 639.300, 175.200 ) ( 639.900, 175.800 )


CUTSPACING: ( Different Layer Cut Spacing ) Regular Wire of Net n17  ( metal1 )
Bounds : ( 495.300, 115.200 ) ( 495.900, 115.800 )


CUTSPACING: ( Different Layer Cut Spacing ) Regular Wire of Net n214  ( metal1 )
Bounds : ( 497.700, 118.200 ) ( 498.300, 118.800 )


CUTSPACING: ( Different Layer Cut Spacing ) Regular Wire of Net n213  ( metal1 )
Bounds : ( 500.100, 115.200 ) ( 500.700, 115.800 )


CUTSPACING: ( Different Layer Cut Spacing ) Regular Wire of Net n213 & Regular Wire of Net n55  ( metal1 )
Bounds : ( 504.900, 115.200 ) ( 505.500, 115.800 )


CUTSPACING: ( Different Layer Cut Spacing ) Regular Wire of Net dp_aluout[6]  ( metal1 )
Bounds : ( 512.100, 169.200 ) ( 512.700, 169.800 )


CUTSPACING: ( Different Layer Cut Spacing ) Regular Wire of Net n539  ( metal1 )
Bounds : ( 519.300, 151.200 ) ( 519.900, 151.800 )


CUTSPACING: ( Different Layer Cut Spacing ) Regular Wire of Net n8  ( metal1 )
Bounds : ( 521.700, 118.200 ) ( 522.300, 118.800 )


CUTSPACING: ( Different Layer Cut Spacing ) Regular Wire of Net n539  ( metal1 )
Bounds : ( 524.100, 115.200 ) ( 524.700, 115.800 )


CUTSPACING: ( Different Layer Cut Spacing ) Regular Wire of Net clk  ( metal1 )
Bounds : ( 536.100, 175.200 ) ( 536.700, 175.800 )


CUTSPACING: ( Different Layer Cut Spacing ) Regular Wire of Net n58  ( metal1 )
Bounds : ( 543.300, 115.200 ) ( 543.900, 115.800 )


CUTSPACING: ( Different Layer Cut Spacing ) Regular Wire of Net n10  ( metal1 )
Bounds : ( 543.300, 151.200 ) ( 543.900, 151.800 )


CUTSPACING: ( Different Layer Cut Spacing ) Regular Wire of Net n224 & Regular Wire of Net n10  ( metal1 )
Bounds : ( 548.100, 115.200 ) ( 548.700, 115.800 )


CUTSPACING: ( Different Layer Cut Spacing ) Regular Wire of Net n232  ( metal1 )
Bounds : ( 548.100, 148.200 ) ( 548.700, 148.800 )


CUTSPACING: ( Different Layer Cut Spacing ) Regular Wire of Net n10  ( metal1 )
Bounds : ( 552.900, 115.200 ) ( 553.500, 115.800 )


CUTSPACING: ( Different Layer Cut Spacing ) Regular Wire of Net n539  ( metal1 )
Bounds : ( 555.300, 178.200 ) ( 555.900, 178.800 )


CUTSPACING: ( Different Layer Cut Spacing ) Regular Wire of Net test_se  ( metal1 )
Bounds : ( 557.700, 178.200 ) ( 558.300, 178.800 )


CUTSPACING: ( Different Layer Cut Spacing ) Regular Wire of Net n538  ( metal1 )
Bounds : ( 562.500, 175.200 ) ( 563.100, 175.800 )


CUTSPACING: ( Different Layer Cut Spacing ) Regular Wire of Net test_se  ( metal1 )
Bounds : ( 564.900, 178.200 ) ( 565.500, 178.800 )


CUTSPACING: ( Different Layer Cut Spacing ) Regular Wire of Net n540  ( metal1 )
Bounds : ( 401.700, 178.200 ) ( 402.300, 178.800 )


CUTSPACING: ( Different Layer Cut Spacing ) Regular Wire of Net n214  ( metal1 )
Bounds : ( 404.100, 118.200 ) ( 404.700, 118.800 )


CUTSPACING: ( Different Layer Cut Spacing ) Regular Wire of Net n540  ( metal1 )
Bounds : ( 404.100, 154.200 ) ( 404.700, 154.800 )


CUTSPACING: ( Different Layer Cut Spacing ) Regular Wire of Net n26  ( metal1 )
Bounds : ( 416.100, 178.200 ) ( 416.700, 178.800 )


CUTSPACING: ( Different Layer Cut Spacing ) Regular Wire of Net dp_aluout[7]  ( metal1 )
Bounds : ( 423.300, 115.200 ) ( 423.900, 115.800 )


CUTSPACING: ( Different Layer Cut Spacing ) Regular Wire of Net n310  ( metal1 )
Bounds : ( 423.300, 154.200 ) ( 423.900, 154.800 )


CUTSPACING: ( Different Layer Cut Spacing ) Regular Wire of Net n311  ( metal1 )
Bounds : ( 430.500, 148.200 ) ( 431.100, 148.800 )


CUTSPACING: ( Different Layer Cut Spacing ) Regular Wire of Net n215  ( metal1 )
Bounds : ( 437.700, 112.200 ) ( 438.300, 112.800 )


CUTSPACING: ( Different Layer Cut Spacing ) Regular Wire of Net n229  ( metal1 )
Bounds : ( 440.100, 115.200 ) ( 440.700, 115.800 )


CUTSPACING: ( Different Layer Cut Spacing ) Regular Wire of Net n83  ( metal1 )
Bounds : ( 447.300, 157.200 ) ( 447.900, 157.800 )


CUTSPACING: ( Different Layer Cut Spacing ) Regular Wire of Net n300  ( metal1 )
Bounds : ( 449.700, 154.200 ) ( 450.300, 154.800 )


CUTSPACING: ( Different Layer Cut Spacing ) Regular Wire of Net n35  ( metal1 )
Bounds : ( 449.700, 178.200 ) ( 450.300, 178.800 )


CUTSPACING: ( Different Layer Cut Spacing ) Regular Wire of Net n26  ( metal1 )
Bounds : ( 452.100, 151.200 ) ( 452.700, 151.800 )


CUTSPACING: ( Different Layer Cut Spacing ) Regular Wire of Net n229  ( metal1 )
Bounds : ( 456.900, 115.200 ) ( 457.500, 115.800 )


CUTSPACING: ( Different Layer Cut Spacing ) Regular Wire of Net n83  ( metal1 )
Bounds : ( 464.100, 154.200 ) ( 464.700, 154.800 )


CUTSPACING: ( Different Layer Cut Spacing ) Regular Wire of Net n300  ( metal1 )
Bounds : ( 464.100, 178.200 ) ( 464.700, 178.800 )


CUTSPACING: ( Different Layer Cut Spacing ) Regular Wire of Net n301  ( metal1 )
Bounds : ( 466.500, 151.200 ) ( 467.100, 151.800 )


CUTSPACING: ( Different Layer Cut Spacing ) Regular Wire of Net n301  ( metal1 )
Bounds : ( 471.300, 175.200 ) ( 471.900, 175.800 )


CUTSPACING: ( Different Layer Cut Spacing ) Regular Wire of Net n34  ( metal1 )
Bounds : ( 473.700, 178.200 ) ( 474.300, 178.800 )


CUTSPACING: ( Different Layer Cut Spacing ) Regular Wire of Net n535  ( metal1 )
Bounds : ( 483.300, 115.200 ) ( 483.900, 115.800 )


CUTSPACING: ( Different Layer Cut Spacing ) Regular Wire of Net n299  ( metal1 )
Bounds : ( 490.500, 181.200 ) ( 491.100, 181.800 )


CUTSPACING: ( Different Layer Cut Spacing ) Regular Wire of Net n116  ( metal1 )
Bounds : ( 492.900, 55.200 ) ( 493.500, 55.800 )


CUTSPACING: ( Different Layer Cut Spacing ) Regular Wire of Net n213  ( metal1 )
Bounds : ( 509.700, 58.200 ) ( 510.300, 58.800 )


CUTSPACING: ( Different Layer Cut Spacing ) Regular Wire of Net n59  ( metal1 )
Bounds : ( 509.700, 94.200 ) ( 510.300, 94.800 )


CUTSPACING: ( Different Layer Cut Spacing ) Regular Wire of Net n88  ( metal1 )
Bounds : ( 512.100, 91.200 ) ( 512.700, 91.800 )


CUTSPACING: ( Different Layer Cut Spacing ) Regular Wire of Net test_se  ( metal1 )
Bounds : ( 526.500, 31.200 ) ( 527.100, 31.800 )


CUTSPACING: ( Different Layer Cut Spacing ) Regular Wire of Net test_se  ( metal1 )
Bounds : ( 528.900, 31.200 ) ( 529.500, 31.800 )


CUTSPACING: ( Different Layer Cut Spacing ) Regular Wire of Net n474  ( metal1 )
Bounds : ( 531.300, 31.200 ) ( 531.900, 31.800 )


CUTSPACING: ( Different Layer Cut Spacing ) Regular Wire of Net n126  ( metal1 )
Bounds : ( 533.700, 58.200 ) ( 534.300, 58.800 )


CUTSPACING: ( Different Layer Cut Spacing ) Regular Wire of Net n474 & Regular Wire of Net dp_pc[1]  ( metal1 )
Bounds : ( 538.500, 31.200 ) ( 539.100, 31.800 )


CUTSPACING: ( Different Layer Cut Spacing ) Regular Wire of Net n474  ( metal1 )
Bounds : ( 548.100, 55.200 ) ( 548.700, 55.800 )


CUTSPACING: ( Different Layer Cut Spacing ) Regular Wire of Net clk  ( metal1 )
Bounds : ( 550.500, 34.200 ) ( 551.100, 34.800 )


CUTSPACING: ( Different Layer Cut Spacing ) Regular Wire of Net n207  ( metal1 )
Bounds : ( 552.900, 58.200 ) ( 553.500, 58.800 )


CUTSPACING: ( Different Layer Cut Spacing ) Regular Wire of Net dp_aluout[6]  ( metal1 )
Bounds : ( 552.900, 94.200 ) ( 553.500, 94.800 )


CUTSPACING: ( Different Layer Cut Spacing ) Regular Wire of Net n226  ( metal1 )
Bounds : ( 569.700, 55.200 ) ( 570.300, 55.800 )


CUTSPACING: ( Different Layer Cut Spacing ) Regular Wire of Net dp_pc[2]  ( metal1 )
Bounds : ( 574.500, 40.200 ) ( 575.100, 40.800 )


CUTSPACING: ( Different Layer Cut Spacing ) Regular Wire of Net test_se  ( metal1 )
Bounds : ( 576.900, 31.200 ) ( 577.500, 31.800 )


CUTSPACING: ( Different Layer Cut Spacing ) Regular Wire of Net test_se  ( metal1 )
Bounds : ( 394.500, 31.200 ) ( 395.100, 31.800 )


CUTSPACING: ( Different Layer Cut Spacing ) Regular Wire of Net dp_aluout[1]  ( metal1 )
Bounds : ( 428.100, 55.200 ) ( 428.700, 55.800 )


CUTSPACING: ( Different Layer Cut Spacing ) Regular Wire of Net n533  ( metal1 )
Bounds : ( 428.100, 91.200 ) ( 428.700, 91.800 )


CUTSPACING: ( Different Layer Cut Spacing ) Regular Wire of Net test_se  ( metal1 )
Bounds : ( 430.500, 91.200 ) ( 431.100, 91.800 )


CUTSPACING: ( Different Layer Cut Spacing ) Regular Wire of Net n108  ( metal1 )
Bounds : ( 440.100, 91.200 ) ( 440.700, 91.800 )


CUTSPACING: ( Different Layer Cut Spacing ) Regular Wire of Net n107  ( metal1 )
Bounds : ( 454.500, 94.200 ) ( 455.100, 94.800 )


CUTSPACING: ( Different Layer Cut Spacing ) Regular Wire of Net n170  ( metal1 )
Bounds : ( 461.700, 55.200 ) ( 462.300, 55.800 )


CUTSPACING: ( Different Layer Cut Spacing ) Regular Wire of Net n108  ( metal1 )
Bounds : ( 461.700, 91.200 ) ( 462.300, 91.800 )


CUTSPACING: ( Different Layer Cut Spacing ) Regular Wire of Net n4  ( metal1 )
Bounds : ( 464.100, 31.200 ) ( 464.700, 31.800 )


CUTSPACING: ( Different Layer Cut Spacing ) Regular Wire of Net n207  ( metal1 )
Bounds : ( 464.100, 58.200 ) ( 464.700, 58.800 )


CUTSPACING: ( Different Layer Cut Spacing ) Regular Wire of Net n469  ( metal1 )
Bounds : ( 468.900, 55.200 ) ( 469.500, 55.800 )


CUTSPACING: ( Different Layer Cut Spacing ) Regular Wire of Net n116  ( metal1 )
Bounds : ( 478.500, 31.200 ) ( 479.100, 31.800 )


CUTSPACING: ( Different Layer Cut Spacing ) Regular Wire of Net adr[7]  ( metal1 )
Bounds : ( 480.900, 94.200 ) ( 481.500, 94.800 )


CUTSPACING: ( Different Layer Cut Spacing ) Regular Wire of Net n99  ( metal1 )
Bounds : ( 483.300, 91.200 ) ( 483.900, 91.800 )


CUTSPACING: ( Different Layer Cut Spacing ) Regular Wire of Net adr[1]  ( metal1 )
Bounds : ( 488.100, 55.200 ) ( 488.700, 55.800 )


CUTSPACING: ( Different Layer Cut Spacing ) Regular Wire of Net dp_md[1]  ( metal1 )
Bounds : ( 298.500, 340.200 ) ( 299.100, 340.800 )


CUTSPACING: ( Different Layer Cut Spacing ) Regular Wire of Net n569  ( metal1 )
Bounds : ( 310.500, 334.200 ) ( 311.100, 334.800 )


CUTSPACING: ( Different Layer Cut Spacing ) Regular Wire of Net clk  ( metal1 )
Bounds : ( 312.900, 295.200 ) ( 313.500, 295.800 )


CUTSPACING: ( Different Layer Cut Spacing ) Regular Wire of Net n570  ( metal1 )
Bounds : ( 312.900, 331.200 ) ( 313.500, 331.800 )


CUTSPACING: ( Different Layer Cut Spacing ) Regular Wire of Net dp_md[2]  ( metal1 )
Bounds : ( 324.900, 349.200 ) ( 325.500, 349.800 )


CUTSPACING: ( Different Layer Cut Spacing ) Regular Wire of Net dp_md[1] & Regular Wire of Net dp_md[0]  ( metal1 )
Bounds : ( 332.100, 334.200 ) ( 332.700, 334.800 )


CUTSPACING: ( Different Layer Cut Spacing ) Regular Wire of Net n190 & Regular Wire of Net test_se  ( metal1 )
Bounds : ( 334.500, 298.200 ) ( 335.100, 298.800 )


CUTSPACING: ( Different Layer Cut Spacing ) Regular Wire of Net dp_md[6] & Regular Wire of Net n190  ( metal1 )
Bounds : ( 334.500, 355.200 ) ( 335.100, 355.800 )


CUTSPACING: ( Different Layer Cut Spacing ) Regular Wire of Net n191  ( metal1 )
Bounds : ( 336.900, 334.200 ) ( 337.500, 334.800 )


CUTSPACING: ( Different Layer Cut Spacing ) Regular Wire of Net dp_md[0]  ( metal1 )
Bounds : ( 339.300, 295.200 ) ( 339.900, 295.800 )


CUTSPACING: ( Different Layer Cut Spacing ) Regular Wire of Net n196  ( metal1 )
Bounds : ( 339.300, 355.200 ) ( 339.900, 355.800 )


CUTSPACING: ( Different Layer Cut Spacing ) Regular Wire of Net n190  ( metal1 )
Bounds : ( 341.700, 298.200 ) ( 342.300, 298.800 )


CUTSPACING: ( Different Layer Cut Spacing ) Regular Wire of Net n182  ( metal1 )
Bounds : ( 344.100, 295.200 ) ( 344.700, 295.800 )


CUTSPACING: ( Different Layer Cut Spacing ) Regular Wire of Net dp_aluout[6]  ( metal1 )
Bounds : ( 344.100, 355.200 ) ( 344.700, 355.800 )


CUTSPACING: ( Different Layer Cut Spacing ) Regular Wire of Net dp_aluout[0]  ( metal1 )
Bounds : ( 348.900, 295.200 ) ( 349.500, 295.800 )


CUTSPACING: ( Different Layer Cut Spacing ) Regular Wire of Net dp_aluout[7] & Regular Wire of Net n190  ( metal1 )
Bounds : ( 365.700, 355.200 ) ( 366.300, 355.800 )


CUTSPACING: ( Different Layer Cut Spacing ) Regular Wire of Net n190  ( metal1 )
Bounds : ( 382.500, 355.200 ) ( 383.100, 355.800 )


CUTSPACING: ( Different Layer Cut Spacing ) Regular Wire of Net dp_n19  ( metal1 )
Bounds : ( 202.500, 331.200 ) ( 203.100, 331.800 )


CUTSPACING: ( Different Layer Cut Spacing ) Regular Wire of Net n203  ( metal1 )
Bounds : ( 209.700, 358.200 ) ( 210.300, 358.800 )


CUTSPACING: ( Different Layer Cut Spacing ) Regular Wire of Net clk  ( metal1 )
Bounds : ( 214.500, 334.200 ) ( 215.100, 334.800 )


CUTSPACING: ( Different Layer Cut Spacing ) Regular Wire of Net n190  ( metal1 )
Bounds : ( 214.500, 355.200 ) ( 215.100, 355.800 )


CUTSPACING: ( Different Layer Cut Spacing ) Regular Wire of Net n201  ( metal1 )
Bounds : ( 216.900, 358.200 ) ( 217.500, 358.800 )


CUTSPACING: ( Different Layer Cut Spacing ) Regular Wire of Net n571  ( metal1 )
Bounds : ( 238.500, 355.200 ) ( 239.100, 355.800 )


CUTSPACING: ( Different Layer Cut Spacing ) Regular Wire of Net test_se  ( metal1 )
Bounds : ( 240.900, 298.200 ) ( 241.500, 298.800 )


CUTSPACING: ( Different Layer Cut Spacing ) Regular Wire of Net n566  ( metal1 )
Bounds : ( 243.300, 331.200 ) ( 243.900, 331.800 )


CUTSPACING: ( Different Layer Cut Spacing ) Regular Wire of Net n566  ( metal1 )
Bounds : ( 255.300, 331.200 ) ( 255.900, 331.800 )


CUTSPACING: ( Different Layer Cut Spacing ) Regular Wire of Net n568  ( metal1 )
Bounds : ( 264.900, 358.200 ) ( 265.500, 358.800 )


CUTSPACING: ( Different Layer Cut Spacing ) Regular Wire of Net clk  ( metal1 )
Bounds : ( 274.500, 334.200 ) ( 275.100, 334.800 )


CUTSPACING: ( Different Layer Cut Spacing ) Regular Wire of Net n568  ( metal1 )
Bounds : ( 281.700, 358.200 ) ( 282.300, 358.800 )


CUTSPACING: ( Different Layer Cut Spacing ) Regular Wire of Net dp_md[1]  ( metal1 )
Bounds : ( 288.900, 358.200 ) ( 289.500, 358.800 )


CUTSPACING: ( Different Layer Cut Spacing ) Regular Wire of Net n592  ( metal1 )
Bounds : ( 296.100, 274.200 ) ( 296.700, 274.800 )


CUTSPACING: ( Different Layer Cut Spacing ) Regular Wire of Net instr[5]  ( metal1 )
Bounds : ( 300.900, 229.200 ) ( 301.500, 229.800 )


CUTSPACING: ( Different Layer Cut Spacing ) Regular Wire of Net n564 & Regular Wire of Net n461  ( metal1 )
Bounds : ( 300.900, 274.200 ) ( 301.500, 274.800 )


CUTSPACING: ( Different Layer Cut Spacing ) Regular Wire of Net n56 & Regular Wire of Net test_se  ( metal1 )
Bounds : ( 303.300, 271.200 ) ( 303.900, 271.800 )


CUTSPACING: ( Different Layer Cut Spacing ) Regular Wire of Net test_se  ( metal1 )
Bounds : ( 305.700, 238.200 ) ( 306.300, 238.800 )


CUTSPACING: ( Different Layer Cut Spacing ) Regular Wire of Net n564 & Regular Wire of Net n592  ( metal1 )
Bounds : ( 305.700, 274.200 ) ( 306.300, 274.800 )


CUTSPACING: ( Different Layer Cut Spacing ) Regular Wire of Net n460  ( metal1 )
Bounds : ( 308.100, 238.200 ) ( 308.700, 238.800 )


CUTSPACING: ( Different Layer Cut Spacing ) Regular Wire of Net test_se  ( metal1 )
Bounds : ( 310.500, 271.200 ) ( 311.100, 271.800 )


CUTSPACING: ( Different Layer Cut Spacing ) Regular Wire of Net n569  ( metal1 )
Bounds : ( 312.900, 214.200 ) ( 313.500, 214.800 )


CUTSPACING: ( Different Layer Cut Spacing ) Regular Wire of Net n461  ( metal1 )
Bounds : ( 312.900, 271.200 ) ( 313.500, 271.800 )


CUTSPACING: ( Different Layer Cut Spacing ) Regular Wire of Net n592  ( metal1 )
Bounds : ( 315.300, 211.200 ) ( 315.900, 211.800 )


CUTSPACING: ( Different Layer Cut Spacing ) Regular Wire of Net test_se & Regular Wire of Net instr[1]  ( metal1 )
Bounds : ( 315.300, 238.200 ) ( 315.900, 238.800 )


CUTSPACING: ( Different Layer Cut Spacing ) Regular Wire of Net clk  ( metal1 )
Bounds : ( 327.300, 235.200 ) ( 327.900, 235.800 )


CUTSPACING: ( Different Layer Cut Spacing ) Regular Wire of Net n30 & Regular Wire of Net instr[1]  ( metal1 )
Bounds : ( 356.100, 238.200 ) ( 356.700, 238.800 )


CUTSPACING: ( Different Layer Cut Spacing ) Regular Wire of Net instr[1]  ( metal1 )
Bounds : ( 358.500, 274.200 ) ( 359.100, 274.800 )


CUTSPACING: ( Different Layer Cut Spacing ) Regular Wire of Net n337 & Regular Wire of Net instr[3]  ( metal1 )
Bounds : ( 365.700, 232.200 ) ( 366.300, 232.800 )


CUTSPACING: ( Different Layer Cut Spacing ) Regular Wire of Net n58 & Regular Wire of Net n305  ( metal1 )
Bounds : ( 368.100, 235.200 ) ( 368.700, 235.800 )


CUTSPACING: ( Different Layer Cut Spacing ) Regular Wire of Net instr[1]  ( metal1 )
Bounds : ( 370.500, 238.200 ) ( 371.100, 238.800 )


CUTSPACING: ( Different Layer Cut Spacing ) Regular Wire of Net instr[2]  ( metal1 )
Bounds : ( 372.900, 208.200 ) ( 373.500, 208.800 )


CUTSPACING: ( Different Layer Cut Spacing ) Regular Wire of Net n305  ( metal1 )
Bounds : ( 377.700, 205.200 ) ( 378.300, 205.800 )


CUTSPACING: ( Different Layer Cut Spacing ) Regular Wire of Net n245  ( metal1 )
Bounds : ( 380.100, 208.200 ) ( 380.700, 208.800 )


CUTSPACING: ( Different Layer Cut Spacing ) Regular Wire of Net n304  ( metal1 )
Bounds : ( 389.700, 208.200 ) ( 390.300, 208.800 )


CUTSPACING: ( Different Layer Cut Spacing ) Regular Wire of Net n308  ( metal1 )
Bounds : ( 389.700, 238.200 ) ( 390.300, 238.800 )


CUTSPACING: ( Different Layer Cut Spacing ) Regular Wire of Net n573  ( metal1 )
Bounds : ( 197.700, 235.200 ) ( 198.300, 235.800 )


CUTSPACING: ( Different Layer Cut Spacing ) Regular Wire of Net n455  ( metal1 )
Bounds : ( 197.700, 271.200 ) ( 198.300, 271.800 )


CUTSPACING: ( Different Layer Cut Spacing ) Regular Wire of Net n455  ( metal1 )
Bounds : ( 202.500, 235.200 ) ( 203.100, 235.800 )


CUTSPACING: ( Different Layer Cut Spacing ) Regular Wire of Net n62  ( metal1 )
Bounds : ( 204.900, 238.200 ) ( 205.500, 238.800 )


CUTSPACING: ( Different Layer Cut Spacing ) Regular Wire of Net n62  ( metal1 )
Bounds : ( 216.900, 238.200 ) ( 217.500, 238.800 )


CUTSPACING: ( Different Layer Cut Spacing ) Regular Wire of Net dp_md[5]  ( metal1 )
Bounds : ( 238.500, 289.200 ) ( 239.100, 289.800 )


CUTSPACING: ( Different Layer Cut Spacing ) Regular Wire of Net n456  ( metal1 )
Bounds : ( 243.300, 235.200 ) ( 243.900, 235.800 )


CUTSPACING: ( Different Layer Cut Spacing ) Regular Wire of Net dp_n20  ( metal1 )
Bounds : ( 243.300, 274.200 ) ( 243.900, 274.800 )


CUTSPACING: ( Different Layer Cut Spacing ) Regular Wire of Net n61  ( metal1 )
Bounds : ( 245.700, 238.200 ) ( 246.300, 238.800 )


CUTSPACING: ( Different Layer Cut Spacing ) Regular Wire of Net n61 & Regular Wire of Net n456  ( metal1 )
Bounds : ( 245.700, 271.200 ) ( 246.300, 271.800 )


CUTSPACING: ( Different Layer Cut Spacing ) Regular Wire of Net n564  ( metal1 )
Bounds : ( 248.100, 235.200 ) ( 248.700, 235.800 )


CUTSPACING: ( Different Layer Cut Spacing ) Regular Wire of Net n61 & Regular Wire of Net test_se  ( metal1 )
Bounds : ( 248.100, 271.200 ) ( 248.700, 271.800 )


CUTSPACING: ( Different Layer Cut Spacing ) Regular Wire of Net n456  ( metal1 )
Bounds : ( 250.500, 271.200 ) ( 251.100, 271.800 )


CUTSPACING: ( Different Layer Cut Spacing ) Regular Wire of Net n59  ( metal1 )
Bounds : ( 257.700, 211.200 ) ( 258.300, 211.800 )


CUTSPACING: ( Different Layer Cut Spacing ) Regular Wire of Net instr[5]  ( metal1 )
Bounds : ( 257.700, 271.200 ) ( 258.300, 271.800 )


CUTSPACING: ( Different Layer Cut Spacing ) Regular Wire of Net dp_md[3]  ( metal1 )
Bounds : ( 288.900, 289.200 ) ( 289.500, 289.800 )


CUTSPACING: ( Different Layer Cut Spacing ) Regular Wire of Net n460  ( metal1 )
Bounds : ( 293.700, 214.200 ) ( 294.300, 214.800 )


CUTSPACING: ( Different Layer Cut Spacing ) Regular Wire of Net n64  ( metal1 )
Bounds : ( 99.300, 331.200 ) ( 99.900, 331.800 )


CUTSPACING: ( Different Layer Cut Spacing ) Regular Wire of Net clk  ( metal1 )
Bounds : ( 118.500, 334.200 ) ( 119.100, 334.800 )


CUTSPACING: ( Different Layer Cut Spacing ) Regular Wire of Net n354  ( metal1 )
Bounds : ( 123.300, 295.200 ) ( 123.900, 295.800 )


CUTSPACING: ( Different Layer Cut Spacing ) Regular Wire of Net n353  ( metal1 )
Bounds : ( 125.700, 298.200 ) ( 126.300, 298.800 )


CUTSPACING: ( Different Layer Cut Spacing ) Regular Wire of Net n91  ( metal1 )
Bounds : ( 132.900, 295.200 ) ( 133.500, 295.800 )


CUTSPACING: ( Different Layer Cut Spacing ) Regular Wire of Net dp_n17  ( metal1 )
Bounds : ( 142.500, 340.200 ) ( 143.100, 340.800 )


CUTSPACING: ( Different Layer Cut Spacing ) Regular Wire of Net n65  ( metal1 )
Bounds : ( 147.300, 298.200 ) ( 147.900, 298.800 )


CUTSPACING: ( Different Layer Cut Spacing ) Regular Wire of Net n65  ( metal1 )
Bounds : ( 147.300, 331.200 ) ( 147.900, 331.800 )


CUTSPACING: ( Different Layer Cut Spacing ) Regular Wire of Net n355  ( metal1 )
Bounds : ( 149.700, 295.200 ) ( 150.300, 295.800 )


CUTSPACING: ( Different Layer Cut Spacing ) Regular Wire of Net n204  ( metal1 )
Bounds : ( 149.700, 358.200 ) ( 150.300, 358.800 )


CUTSPACING: ( Different Layer Cut Spacing ) Regular Wire of Net dp_n13  ( metal1 )
Bounds : ( 152.100, 355.200 ) ( 152.700, 355.800 )


CUTSPACING: ( Different Layer Cut Spacing ) Regular Wire of Net n353  ( metal1 )
Bounds : ( 159.300, 298.200 ) ( 159.900, 298.800 )


CUTSPACING: ( Different Layer Cut Spacing ) Regular Wire of Net dp_n16  ( metal1 )
Bounds : ( 161.700, 295.200 ) ( 162.300, 295.800 )


CUTSPACING: ( Different Layer Cut Spacing ) Regular Wire of Net n582  ( metal1 )
Bounds : ( 168.900, 298.200 ) ( 169.500, 298.800 )


CUTSPACING: ( Different Layer Cut Spacing ) Regular Wire of Net n579  ( metal1 )
Bounds : ( 171.300, 295.200 ) ( 171.900, 295.800 )


CUTSPACING: ( Different Layer Cut Spacing ) Regular Wire of Net n353 & Regular Wire of Net n580  ( metal1 )
Bounds : ( 173.700, 298.200 ) ( 174.300, 298.800 )


CUTSPACING: ( Different Layer Cut Spacing ) Regular Wire of Net n46  ( metal1 )
Bounds : ( 180.900, 358.200 ) ( 181.500, 358.800 )


CUTSPACING: ( Different Layer Cut Spacing ) Regular Wire of Net n582  ( metal1 )
Bounds : ( 190.500, 298.200 ) ( 191.100, 298.800 )


CUTSPACING: ( Different Layer Cut Spacing ) Regular Wire of Net dp_n16  ( metal1 )
Bounds : ( 190.500, 340.200 ) ( 191.100, 340.800 )


CUTSPACING: ( Different Layer Cut Spacing ) Regular Wire of Net n582  ( metal1 )
Bounds : ( 195.300, 298.200 ) ( 195.900, 298.800 )


CUTSPACING: ( Different Layer Cut Spacing ) Regular Wire of Net n578  ( metal1 )
Bounds : ( 195.300, 331.200 ) ( 195.900, 331.800 )


CUTSPACING: ( Different Layer Cut Spacing ) Regular Wire of Net memdata[4]  ( metal1 )
Bounds : ( 22.500, 295.200 ) ( 23.100, 295.800 )


CUTSPACING: ( Different Layer Cut Spacing ) Regular Wire of Net memdata[1]  ( metal1 )
Bounds : ( 22.500, 355.200 ) ( 23.100, 355.800 )


CUTSPACING: ( Different Layer Cut Spacing ) Regular Wire of Net n579  ( metal1 )
Bounds : ( 24.900, 298.200 ) ( 25.500, 298.800 )


CUTSPACING: ( Different Layer Cut Spacing ) Regular Wire of Net memdata[3]  ( metal1 )
Bounds : ( 24.900, 334.200 ) ( 25.500, 334.800 )


CUTSPACING: ( Different Layer Cut Spacing ) Regular Wire of Net memdata[0]  ( metal1 )
Bounds : ( 29.700, 334.200 ) ( 30.300, 334.800 )


CUTSPACING: ( Different Layer Cut Spacing ) Regular Wire of Net memdata[6]  ( metal1 )
Bounds : ( 29.700, 355.200 ) ( 30.300, 355.800 )


CUTSPACING: ( Different Layer Cut Spacing ) Regular Wire of Net n577  ( metal1 )
Bounds : ( 32.100, 331.200 ) ( 32.700, 331.800 )


CUTSPACING: ( Different Layer Cut Spacing ) Regular Wire of Net n66  ( metal1 )
Bounds : ( 39.300, 298.200 ) ( 39.900, 298.800 )


CUTSPACING: ( Different Layer Cut Spacing ) Regular Wire of Net test_se  ( metal1 )
Bounds : ( 41.700, 298.200 ) ( 42.300, 298.800 )


CUTSPACING: ( Different Layer Cut Spacing ) Regular Wire of Net n66  ( metal1 )
Bounds : ( 44.100, 298.200 ) ( 44.700, 298.800 )


CUTSPACING: ( Different Layer Cut Spacing ) Regular Wire of Net n578  ( metal1 )
Bounds : ( 46.500, 331.200 ) ( 47.100, 331.800 )


CUTSPACING: ( Different Layer Cut Spacing ) Regular Wire of Net instr[31]  ( metal1 )
Bounds : ( 51.300, 298.200 ) ( 51.900, 298.800 )


CUTSPACING: ( Different Layer Cut Spacing ) Regular Wire of Net n454  ( metal1 )
Bounds : ( 51.300, 358.200 ) ( 51.900, 358.800 )


CUTSPACING: ( Different Layer Cut Spacing ) Regular Wire of Net n578  ( metal1 )
Bounds : ( 58.500, 331.200 ) ( 59.100, 331.800 )


CUTSPACING: ( Different Layer Cut Spacing ) Regular Wire of Net n86  ( metal1 )
Bounds : ( 60.900, 334.200 ) ( 61.500, 334.800 )


CUTSPACING: ( Different Layer Cut Spacing ) Regular Wire of Net clk  ( metal1 )
Bounds : ( 63.300, 295.200 ) ( 63.900, 295.800 )


CUTSPACING: ( Different Layer Cut Spacing ) Regular Wire of Net n353  ( metal1 )
Bounds : ( 94.500, 298.200 ) ( 95.100, 298.800 )


CUTSPACING: ( Different Layer Cut Spacing ) Regular Wire of Net n454  ( metal1 )
Bounds : ( 96.900, 295.200 ) ( 97.500, 295.800 )


SHORT: ( Out Of Die ) Regular Wire of Net reset  ( metal2 )
Bounds : ( -0.450, 250.050 ) ( 0.000, 250.950 )


CUTSPACING: ( Different Layer Cut Spacing ) Regular Wire of Net test_se  ( metal1 )
Bounds : ( 17.700, 238.200 ) ( 18.300, 238.800 )


CUTSPACING: ( Different Layer Cut Spacing ) Regular Wire of Net n465  ( metal1 )
Bounds : ( 20.100, 238.200 ) ( 20.700, 238.800 )


CUTSPACING: ( Different Layer Cut Spacing ) Regular Wire of Net instr[27] & Regular Wire of Net n465  ( metal1 )
Bounds : ( 27.300, 238.200 ) ( 27.900, 238.800 )


CUTSPACING: ( Different Layer Cut Spacing ) Regular Wire of Net n181  ( metal1 )
Bounds : ( 36.900, 214.200 ) ( 37.500, 214.800 )


CUTSPACING: ( Different Layer Cut Spacing ) Regular Wire of Net n579  ( metal1 )
Bounds : ( 39.300, 211.200 ) ( 39.900, 211.800 )


CUTSPACING: ( Different Layer Cut Spacing ) Regular Wire of Net clk  ( metal1 )
Bounds : ( 39.300, 235.200 ) ( 39.900, 235.800 )


CUTSPACING: ( Different Layer Cut Spacing ) Regular Wire of Net n465  ( metal1 )
Bounds : ( 41.700, 214.200 ) ( 42.300, 214.800 )


CUTSPACING: ( Different Layer Cut Spacing ) Regular Wire of Net instr[27]  ( metal1 )
Bounds : ( 51.300, 280.200 ) ( 51.900, 280.800 )


CUTSPACING: ( Different Layer Cut Spacing ) Regular Wire of Net instr[28]  ( metal1 )
Bounds : ( 53.700, 214.200 ) ( 54.300, 214.800 )


CUTSPACING: ( Different Layer Cut Spacing ) Regular Wire of Net n181  ( metal1 )
Bounds : ( 65.700, 214.200 ) ( 66.300, 214.800 )


CUTSPACING: ( Different Layer Cut Spacing ) Regular Wire of Net clk  ( metal1 )
Bounds : ( 75.300, 274.200 ) ( 75.900, 274.800 )


CUTSPACING: ( Different Layer Cut Spacing ) Regular Wire of Net n51  ( metal1 )
Bounds : ( 87.300, 211.200 ) ( 87.900, 211.800 )


CUTSPACING: ( Different Layer Cut Spacing ) Regular Wire of Net n466  ( metal1 )
Bounds : ( 94.500, 271.200 ) ( 95.100, 271.800 )


CUTSPACING: ( Different Layer Cut Spacing ) Regular Wire of Net n466 & Regular Wire of Net n92  ( metal1 )
Bounds : ( 99.300, 214.200 ) ( 99.900, 214.800 )


CUTSPACING: ( Different Layer Cut Spacing ) Regular Wire of Net n51  ( metal1 )
Bounds : ( 101.700, 211.200 ) ( 102.300, 211.800 )


CUTSPACING: ( Different Layer Cut Spacing ) Regular Wire of Net n466  ( metal1 )
Bounds : ( 104.100, 214.200 ) ( 104.700, 214.800 )


CUTSPACING: ( Different Layer Cut Spacing ) Regular Wire of Net n92  ( metal1 )
Bounds : ( 123.300, 211.200 ) ( 123.900, 211.800 )


CUTSPACING: ( Different Layer Cut Spacing ) Regular Wire of Net clk  ( metal1 )
Bounds : ( 123.300, 274.200 ) ( 123.900, 274.800 )


CUTSPACING: ( Different Layer Cut Spacing ) Regular Wire of Net dp_a[7]  ( metal1 )
Bounds : ( 135.300, 271.200 ) ( 135.900, 271.800 )


CUTSPACING: ( Different Layer Cut Spacing ) Regular Wire of Net n563  ( metal1 )
Bounds : ( 142.500, 271.200 ) ( 143.100, 271.800 )


CUTSPACING: ( Different Layer Cut Spacing ) Regular Wire of Net dp_n16  ( metal1 )
Bounds : ( 156.900, 271.200 ) ( 157.500, 271.800 )


CUTSPACING: ( Different Layer Cut Spacing ) Regular Wire of Net n55  ( metal1 )
Bounds : ( 171.300, 238.200 ) ( 171.900, 238.800 )


CUTSPACING: ( Different Layer Cut Spacing ) Regular Wire of Net n55  ( metal1 )
Bounds : ( 180.900, 238.200 ) ( 181.500, 238.800 )


CUTSPACING: ( Different Layer Cut Spacing ) Regular Wire of Net test_se  ( metal1 )
Bounds : ( 195.300, 271.200 ) ( 195.900, 271.800 )


CUTSPACING: ( Different Layer Cut Spacing ) Regular Wire of Net n543  ( metal1 )
Bounds : ( 202.500, 121.200 ) ( 203.100, 121.800 )


CUTSPACING: ( Different Layer Cut Spacing ) Regular Wire of Net cont_state[1]  ( metal1 )
Bounds : ( 209.700, 115.200 ) ( 210.300, 115.800 )


CUTSPACING: ( Different Layer Cut Spacing ) Regular Wire of Net n93 & Regular Wire of Net cont_state[3]  ( metal1 )
Bounds : ( 209.700, 178.200 ) ( 210.300, 178.800 )


CUTSPACING: ( Different Layer Cut Spacing ) Regular Wire of Net cont_state[1]  ( metal1 )
Bounds : ( 212.100, 184.200 ) ( 212.700, 184.800 )


CUTSPACING: ( Different Layer Cut Spacing ) Regular Wire of Net n201  ( metal1 )
Bounds : ( 214.500, 181.200 ) ( 215.100, 181.800 )


CUTSPACING: ( Different Layer Cut Spacing ) Regular Wire of Net n96  ( metal1 )
Bounds : ( 219.300, 151.200 ) ( 219.900, 151.800 )


CUTSPACING: ( Different Layer Cut Spacing ) Regular Wire of Net cont_state[1] & Regular Wire of Net n235  ( metal1 )
Bounds : ( 221.700, 115.200 ) ( 222.300, 115.800 )


CUTSPACING: ( Different Layer Cut Spacing ) Regular Wire of Net n97  ( metal1 )
Bounds : ( 224.100, 118.200 ) ( 224.700, 118.800 )


CUTSPACING: ( Different Layer Cut Spacing ) Regular Wire of Net n85  ( metal1 )
Bounds : ( 236.100, 121.200 ) ( 236.700, 121.800 )


CUTSPACING: ( Different Layer Cut Spacing ) Regular Wire of Net n31  ( metal1 )
Bounds : ( 236.100, 151.200 ) ( 236.700, 151.800 )


CUTSPACING: ( Different Layer Cut Spacing ) Regular Wire of Net n342  ( metal1 )
Bounds : ( 236.100, 181.200 ) ( 236.700, 181.800 )


CUTSPACING: ( Different Layer Cut Spacing ) Regular Wire of Net n97  ( metal1 )
Bounds : ( 238.500, 118.200 ) ( 239.100, 118.800 )


CUTSPACING: ( Different Layer Cut Spacing ) Regular Wire of Net n31  ( metal1 )
Bounds : ( 240.900, 124.200 ) ( 241.500, 124.800 )


CUTSPACING: ( Different Layer Cut Spacing ) Regular Wire of Net n60  ( metal1 )
Bounds : ( 243.300, 151.200 ) ( 243.900, 151.800 )


CUTSPACING: ( Different Layer Cut Spacing ) Regular Wire of Net n347  ( metal1 )
Bounds : ( 250.500, 115.200 ) ( 251.100, 115.800 )


CUTSPACING: ( Different Layer Cut Spacing ) Regular Wire of Net n458  ( metal1 )
Bounds : ( 267.300, 151.200 ) ( 267.900, 151.800 )


CUTSPACING: ( Different Layer Cut Spacing ) Regular Wire of Net instr[3]  ( metal1 )
Bounds : ( 274.500, 151.200 ) ( 275.100, 151.800 )


CUTSPACING: ( Different Layer Cut Spacing ) Regular Wire of Net clk  ( metal1 )
Bounds : ( 286.500, 154.200 ) ( 287.100, 154.800 )


CUTSPACING: ( Different Layer Cut Spacing ) Regular Wire of Net n214  ( metal1 )
Bounds : ( 291.300, 118.200 ) ( 291.900, 118.800 )


CUTSPACING: ( Different Layer Cut Spacing ) Regular Wire of Net n231 & Regular Wire of Net n234  ( metal1 )
Bounds : ( 293.700, 115.200 ) ( 294.300, 115.800 )


CUTSPACING: ( Different Layer Cut Spacing ) Regular Wire of Net n94  ( metal1 )
Bounds : ( 296.100, 112.200 ) ( 296.700, 112.800 )


CUTSPACING: ( Different Layer Cut Spacing ) Regular Wire of Net n231  ( metal1 )
Bounds : ( 298.500, 115.200 ) ( 299.100, 115.800 )


CUTSPACING: ( Different Layer Cut Spacing ) Regular Wire of Net n234  ( metal1 )
Bounds : ( 298.500, 121.200 ) ( 299.100, 121.800 )


CUTSPACING: ( Different Layer Cut Spacing ) Regular Wire of Net n236  ( metal1 )
Bounds : ( 324.900, 115.200 ) ( 325.500, 115.800 )


CUTSPACING: ( Different Layer Cut Spacing ) Regular Wire of Net clk  ( metal1 )
Bounds : ( 334.500, 154.200 ) ( 335.100, 154.800 )


CUTSPACING: ( Different Layer Cut Spacing ) Regular Wire of Net dp_aluout[7]  ( metal1 )
Bounds : ( 358.500, 169.200 ) ( 359.100, 169.800 )


CUTSPACING: ( Different Layer Cut Spacing ) Regular Wire of Net clk  ( metal1 )
Bounds : ( 382.500, 175.200 ) ( 383.100, 175.800 )


SHORT: ( Out Of Die ) Regular Wire of Net memwrite  ( metal2 )
Bounds : ( 348.750, -0.450 ) ( 349.650, 0.000 )


CUTSPACING: ( Different Layer Cut Spacing ) Regular Wire of Net dp_pc[0]  ( metal1 )
Bounds : ( 303.300, 40.200 ) ( 303.900, 40.800 )


CUTSPACING: ( Different Layer Cut Spacing ) Regular Wire of Net dp_aluout[1]  ( metal1 )
Bounds : ( 308.100, 49.200 ) ( 308.700, 49.800 )


CUTSPACING: ( Different Layer Cut Spacing ) Regular Wire of Net n236  ( metal1 )
Bounds : ( 320.100, 85.200 ) ( 320.700, 85.800 )


CUTSPACING: ( Different Layer Cut Spacing ) Regular Wire of Net n84 & Regular Wire of Net n215  ( metal1 )
Bounds : ( 336.900, 91.200 ) ( 337.500, 91.800 )


CUTSPACING: ( Different Layer Cut Spacing ) Regular Wire of Net n476  ( metal1 )
Bounds : ( 346.500, 31.200 ) ( 347.100, 31.800 )


CUTSPACING: ( Different Layer Cut Spacing ) Regular Wire of Net test_se  ( metal1 )
Bounds : ( 348.900, 31.200 ) ( 349.500, 31.800 )


CUTSPACING: ( Different Layer Cut Spacing ) Regular Wire of Net n533  ( metal1 )
Bounds : ( 348.900, 94.200 ) ( 349.500, 94.800 )


CUTSPACING: ( Different Layer Cut Spacing ) Regular Wire of Net n534  ( metal1 )
Bounds : ( 351.300, 58.200 ) ( 351.900, 58.800 )


CUTSPACING: ( Different Layer Cut Spacing ) Regular Wire of Net n208  ( metal1 )
Bounds : ( 360.900, 34.200 ) ( 361.500, 34.800 )


CUTSPACING: ( Different Layer Cut Spacing ) Regular Wire of Net n209  ( metal1 )
Bounds : ( 363.300, 31.200 ) ( 363.900, 31.800 )


CUTSPACING: ( Different Layer Cut Spacing ) Regular Wire of Net n208 & Regular Wire of Net n476  ( metal1 )
Bounds : ( 365.700, 34.200 ) ( 366.300, 34.800 )


CUTSPACING: ( Different Layer Cut Spacing ) Regular Wire of Net dp_aluout[0] & Regular Wire of Net n208  ( metal1 )
Bounds : ( 365.700, 91.200 ) ( 366.300, 91.800 )


CUTSPACING: ( Different Layer Cut Spacing ) Regular Wire of Net n208  ( metal1 )
Bounds : ( 370.500, 91.200 ) ( 371.100, 91.800 )


CUTSPACING: ( Different Layer Cut Spacing ) Regular Wire of Net n534  ( metal1 )
Bounds : ( 372.900, 55.200 ) ( 373.500, 55.800 )


CUTSPACING: ( Different Layer Cut Spacing ) Regular Wire of Net n533  ( metal1 )
Bounds : ( 372.900, 94.200 ) ( 373.500, 94.800 )


SHORT: ( Out Of Die ) Regular Wire of Net memread  ( metal2 )
Bounds : ( 197.550, -0.450 ) ( 198.450, 0.000 )


CUTSPACING: ( Different Layer Cut Spacing ) Regular Wire of Net cont_state[3]  ( metal1 )
Bounds : ( 212.100, 25.200 ) ( 212.700, 25.800 )


CUTSPACING: ( Different Layer Cut Spacing ) Regular Wire of Net cont_state[3]  ( metal1 )
Bounds : ( 212.100, 58.200 ) ( 212.700, 58.800 )


CUTSPACING: ( Different Layer Cut Spacing ) Regular Wire of Net cont_state[2]  ( metal1 )
Bounds : ( 219.300, 85.200 ) ( 219.900, 85.800 )


CUTSPACING: ( Different Layer Cut Spacing ) Regular Wire of Net n575  ( metal1 )
Bounds : ( 226.500, 31.200 ) ( 227.100, 31.800 )


CUTSPACING: ( Different Layer Cut Spacing ) Regular Wire of Net clk  ( metal1 )
Bounds : ( 240.900, 37.200 ) ( 241.500, 37.800 )


CUTSPACING: ( Different Layer Cut Spacing ) Regular Wire of Net memread  ( metal1 )
Bounds : ( 250.500, 58.200 ) ( 251.100, 58.800 )


CUTSPACING: ( Different Layer Cut Spacing ) Regular Wire of Net n180  ( metal1 )
Bounds : ( 262.500, 94.200 ) ( 263.100, 94.800 )


CUTSPACING: ( Different Layer Cut Spacing ) Regular Wire of Net n359  ( metal1 )
Bounds : ( 269.700, 34.200 ) ( 270.300, 34.800 )


CUTSPACING: ( Different Layer Cut Spacing ) Regular Wire of Net cont_state[1]  ( metal1 )
Bounds : ( 274.500, 94.200 ) ( 275.100, 94.800 )


CUTSPACING: ( Different Layer Cut Spacing ) Regular Wire of Net n359  ( metal1 )
Bounds : ( 276.900, 55.200 ) ( 277.500, 55.800 )


CUTSPACING: ( Different Layer Cut Spacing ) Regular Wire of Net n215  ( metal1 )
Bounds : ( 276.900, 91.200 ) ( 277.500, 91.800 )


CUTSPACING: ( Different Layer Cut Spacing ) Regular Wire of Net n209  ( metal1 )
Bounds : ( 288.900, 58.200 ) ( 289.500, 58.800 )


CUTSPACING: ( Different Layer Cut Spacing ) Regular Wire of Net n231  ( metal1 )
Bounds : ( 291.300, 61.200 ) ( 291.900, 61.800 )


CUTSPACING: ( Different Layer Cut Spacing ) Regular Wire of Net n48  ( metal1 )
Bounds : ( 99.300, 118.200 ) ( 99.900, 118.800 )


CUTSPACING: ( Different Layer Cut Spacing ) Regular Wire of Net n54  ( metal1 )
Bounds : ( 99.300, 178.200 ) ( 99.900, 178.800 )


CUTSPACING: ( Different Layer Cut Spacing ) Regular Wire of Net n561  ( metal1 )
Bounds : ( 101.700, 145.200 ) ( 102.300, 145.800 )


CUTSPACING: ( Different Layer Cut Spacing ) Regular Wire of Net n543  ( metal1 )
Bounds : ( 104.100, 121.200 ) ( 104.700, 121.800 )


CUTSPACING: ( Different Layer Cut Spacing ) Regular Wire of Net n235  ( metal1 )
Bounds : ( 116.100, 112.200 ) ( 116.700, 112.800 )


CUTSPACING: ( Different Layer Cut Spacing ) Regular Wire of Net n556 & Regular Wire of Net instr[29]  ( metal1 )
Bounds : ( 118.500, 145.200 ) ( 119.100, 145.800 )


CUTSPACING: ( Different Layer Cut Spacing ) Regular Wire of Net n48  ( metal1 )
Bounds : ( 123.300, 148.200 ) ( 123.900, 148.800 )


CUTSPACING: ( Different Layer Cut Spacing ) Regular Wire of Net n349  ( metal1 )
Bounds : ( 128.100, 154.200 ) ( 128.700, 154.800 )


CUTSPACING: ( Different Layer Cut Spacing ) Regular Wire of Net n87  ( metal1 )
Bounds : ( 137.700, 154.200 ) ( 138.300, 154.800 )


CUTSPACING: ( Different Layer Cut Spacing ) Regular Wire of Net n550  ( metal1 )
Bounds : ( 144.900, 148.200 ) ( 145.500, 148.800 )


CUTSPACING: ( Different Layer Cut Spacing ) Regular Wire of Net n554  ( metal1 )
Bounds : ( 144.900, 154.200 ) ( 145.500, 154.800 )


CUTSPACING: ( Different Layer Cut Spacing ) Regular Wire of Net n554  ( metal1 )
Bounds : ( 147.300, 154.200 ) ( 147.900, 154.800 )


CUTSPACING: ( Different Layer Cut Spacing ) Regular Wire of Net n541  ( metal1 )
Bounds : ( 149.700, 115.200 ) ( 150.300, 115.800 )


CUTSPACING: ( Different Layer Cut Spacing ) Regular Wire of Net n206  ( metal1 )
Bounds : ( 149.700, 181.200 ) ( 150.300, 181.800 )


CUTSPACING: ( Different Layer Cut Spacing ) Regular Wire of Net n96 & Regular Wire of Net n357  ( metal1 )
Bounds : ( 164.100, 151.200 ) ( 164.700, 151.800 )


CUTSPACING: ( Different Layer Cut Spacing ) Regular Wire of Net n541  ( metal1 )
Bounds : ( 166.500, 115.200 ) ( 167.100, 115.800 )


CUTSPACING: ( Different Layer Cut Spacing ) Regular Wire of Net n358  ( metal1 )
Bounds : ( 166.500, 154.200 ) ( 167.100, 154.800 )


CUTSPACING: ( Different Layer Cut Spacing ) Regular Wire of Net cont_nextstate[3]  ( metal1 )
Bounds : ( 171.300, 118.200 ) ( 171.900, 118.800 )


CUTSPACING: ( Different Layer Cut Spacing ) Regular Wire of Net cont_state[0]  ( metal1 )
Bounds : ( 176.100, 148.200 ) ( 176.700, 148.800 )


CUTSPACING: ( Different Layer Cut Spacing ) Regular Wire of Net n205  ( metal1 )
Bounds : ( 176.100, 175.200 ) ( 176.700, 175.800 )


CUTSPACING: ( Different Layer Cut Spacing ) Regular Wire of Net n205  ( metal1 )
Bounds : ( 178.500, 118.200 ) ( 179.100, 118.800 )


CUTSPACING: ( Different Layer Cut Spacing ) Regular Wire of Net n96  ( metal1 )
Bounds : ( 178.500, 151.200 ) ( 179.100, 151.800 )


CUTSPACING: ( Different Layer Cut Spacing ) Regular Wire of Net n98  ( metal1 )
Bounds : ( 180.900, 115.200 ) ( 181.500, 115.800 )


CUTSPACING: ( Different Layer Cut Spacing ) Regular Wire of Net n551 & Regular Wire of Net n205  ( metal1 )
Bounds : ( 183.300, 118.200 ) ( 183.900, 118.800 )


CUTSPACING: ( Different Layer Cut Spacing ) Regular Wire of Net n351  ( metal1 )
Bounds : ( 183.300, 148.200 ) ( 183.900, 148.800 )


CUTSPACING: ( Different Layer Cut Spacing ) Regular Wire of Net n551 & Regular Wire of Net n358  ( metal1 )
Bounds : ( 188.100, 118.200 ) ( 188.700, 118.800 )


CUTSPACING: ( Different Layer Cut Spacing ) Regular Wire of Net n205  ( metal1 )
Bounds : ( 188.100, 175.200 ) ( 188.700, 175.800 )


CUTSPACING: ( Different Layer Cut Spacing ) Regular Wire of Net cont_state[0]  ( metal1 )
Bounds : ( 190.500, 151.200 ) ( 191.100, 151.800 )


CUTSPACING: ( Different Layer Cut Spacing ) Regular Wire of Net n205  ( metal1 )
Bounds : ( 192.900, 145.200 ) ( 193.500, 145.800 )


SHORT: ( Out Of Die ) Regular Wire of Net clk  ( metal2 )
Bounds : ( -0.450, 100.050 ) ( 0.000, 100.950 )


CUTSPACING: ( Different Layer Cut Spacing ) Regular Wire of Net test_se  ( metal1 )
Bounds : ( 17.700, 118.200 ) ( 18.300, 118.800 )


CUTSPACING: ( Different Layer Cut Spacing ) Regular Wire of Net instr[29]  ( metal1 )
Bounds : ( 17.700, 160.200 ) ( 18.300, 160.800 )


CUTSPACING: ( Different Layer Cut Spacing ) Regular Wire of Net n463  ( metal1 )
Bounds : ( 20.100, 118.200 ) ( 20.700, 118.800 )


CUTSPACING: ( Different Layer Cut Spacing ) Regular Wire of Net n92  ( metal1 )
Bounds : ( 24.900, 175.200 ) ( 25.500, 175.800 )


CUTSPACING: ( Different Layer Cut Spacing ) Regular Wire of Net instr[31]  ( metal1 )
Bounds : ( 27.300, 100.200 ) ( 27.900, 100.800 )


CUTSPACING: ( Different Layer Cut Spacing ) Regular Wire of Net instr[29]  ( metal1 )
Bounds : ( 27.300, 118.200 ) ( 27.900, 118.800 )


CUTSPACING: ( Different Layer Cut Spacing ) Regular Wire of Net n54  ( metal1 )
Bounds : ( 27.300, 178.200 ) ( 27.900, 178.800 )


CUTSPACING: ( Different Layer Cut Spacing ) Regular Wire of Net n463  ( metal1 )
Bounds : ( 29.700, 175.200 ) ( 30.300, 175.800 )


CUTSPACING: ( Different Layer Cut Spacing ) Regular Wire of Net n181  ( metal1 )
Bounds : ( 34.500, 175.200 ) ( 35.100, 175.800 )


CUTSPACING: ( Different Layer Cut Spacing ) Regular Wire of Net clk  ( metal1 )
Bounds : ( 41.700, 154.200 ) ( 42.300, 154.800 )


CUTSPACING: ( Different Layer Cut Spacing ) Regular Wire of Net instr[28]  ( metal1 )
Bounds : ( 53.700, 151.200 ) ( 54.300, 151.800 )


CUTSPACING: ( Different Layer Cut Spacing ) Regular Wire of Net n464  ( metal1 )
Bounds : ( 53.700, 175.200 ) ( 54.300, 175.800 )


CUTSPACING: ( Different Layer Cut Spacing ) Regular Wire of Net n53  ( metal1 )
Bounds : ( 56.100, 178.200 ) ( 56.700, 178.800 )


CUTSPACING: ( Different Layer Cut Spacing ) Regular Wire of Net n92  ( metal1 )
Bounds : ( 58.500, 175.200 ) ( 59.100, 175.800 )


CUTSPACING: ( Different Layer Cut Spacing ) Regular Wire of Net n464  ( metal1 )
Bounds : ( 60.900, 151.200 ) ( 61.500, 151.800 )


CUTSPACING: ( Different Layer Cut Spacing ) Regular Wire of Net instr[29]  ( metal1 )
Bounds : ( 65.700, 115.200 ) ( 66.300, 115.800 )


CUTSPACING: ( Different Layer Cut Spacing ) Regular Wire of Net n53  ( metal1 )
Bounds : ( 70.500, 175.200 ) ( 71.100, 175.800 )


CUTSPACING: ( Different Layer Cut Spacing ) Regular Wire of Net n48  ( metal1 )
Bounds : ( 72.900, 118.200 ) ( 73.500, 118.800 )


CUTSPACING: ( Different Layer Cut Spacing ) Regular Wire of Net n48  ( metal1 )
Bounds : ( 75.300, 181.200 ) ( 75.900, 181.800 )


CUTSPACING: ( Different Layer Cut Spacing ) Regular Wire of Net n557  ( metal1 )
Bounds : ( 84.900, 145.200 ) ( 85.500, 145.800 )


CUTSPACING: ( Different Layer Cut Spacing ) Regular Wire of Net n558  ( metal1 )
Bounds : ( 84.900, 172.200 ) ( 85.500, 172.800 )


CUTSPACING: ( Different Layer Cut Spacing ) Regular Wire of Net n550  ( metal1 )
Bounds : ( 87.300, 148.200 ) ( 87.900, 148.800 )


CUTSPACING: ( Different Layer Cut Spacing ) Regular Wire of Net instr[28]  ( metal1 )
Bounds : ( 92.100, 151.200 ) ( 92.700, 151.800 )


CUTSPACING: ( Different Layer Cut Spacing ) Regular Wire of Net n558  ( metal1 )
Bounds : ( 94.500, 172.200 ) ( 95.100, 172.800 )


CUTSPACING: ( Different Layer Cut Spacing ) Regular Wire of Net n54  ( metal1 )
Bounds : ( 96.900, 121.200 ) ( 97.500, 121.800 )


CUTSPACING: ( Different Layer Cut Spacing ) Regular Wire of Net instr[29]  ( metal1 )
Bounds : ( 96.900, 157.200 ) ( 97.500, 157.800 )


CUTSPACING: ( Different Layer Cut Spacing ) Regular Wire of Net n547  ( metal1 )
Bounds : ( 99.300, 55.200 ) ( 99.900, 55.800 )


CUTSPACING: ( Different Layer Cut Spacing ) Regular Wire of Net n546  ( metal1 )
Bounds : ( 108.900, 31.200 ) ( 109.500, 31.800 )


CUTSPACING: ( Different Layer Cut Spacing ) Regular Wire of Net n360  ( metal1 )
Bounds : ( 116.100, 61.200 ) ( 116.700, 61.800 )


CUTSPACING: ( Different Layer Cut Spacing ) Regular Wire of Net n575  ( metal1 )
Bounds : ( 120.900, 31.200 ) ( 121.500, 31.800 )


CUTSPACING: ( Different Layer Cut Spacing ) Regular Wire of Net n546  ( metal1 )
Bounds : ( 132.900, 64.200 ) ( 133.500, 64.800 )


CUTSPACING: ( Different Layer Cut Spacing ) Regular Wire of Net n351  ( metal1 )
Bounds : ( 132.900, 94.200 ) ( 133.500, 94.800 )


CUTSPACING: ( Different Layer Cut Spacing ) Regular Wire of Net clk  ( metal1 )
Bounds : ( 135.300, 37.200 ) ( 135.900, 37.800 )


CUTSPACING: ( Different Layer Cut Spacing ) Regular Wire of Net n545  ( metal1 )
Bounds : ( 137.700, 91.200 ) ( 138.300, 91.800 )


CUTSPACING: ( Different Layer Cut Spacing ) Regular Wire of Net n545  ( metal1 )
Bounds : ( 144.900, 91.200 ) ( 145.500, 91.800 )


CUTSPACING: ( Different Layer Cut Spacing ) Regular Wire of Net n551  ( metal1 )
Bounds : ( 147.300, 85.200 ) ( 147.900, 85.800 )


CUTSPACING: ( Different Layer Cut Spacing ) Regular Wire of Net cont_nextstate[1]  ( metal1 )
Bounds : ( 149.700, 88.200 ) ( 150.300, 88.800 )


CUTSPACING: ( Different Layer Cut Spacing ) Regular Wire of Net n2  ( metal1 )
Bounds : ( 152.100, 61.200 ) ( 152.700, 61.800 )


CUTSPACING: ( Different Layer Cut Spacing ) Regular Wire of Net cont_state[2]  ( metal1 )
Bounds : ( 159.300, 25.200 ) ( 159.900, 25.800 )


CUTSPACING: ( Different Layer Cut Spacing ) Regular Wire of Net cont_state[0]  ( metal1 )
Bounds : ( 166.500, 55.200 ) ( 167.100, 55.800 )


CUTSPACING: ( Different Layer Cut Spacing ) Regular Wire of Net n98  ( metal1 )
Bounds : ( 168.900, 58.200 ) ( 169.500, 58.800 )


CUTSPACING: ( Different Layer Cut Spacing ) Regular Wire of Net n575  ( metal1 )
Bounds : ( 173.700, 31.200 ) ( 174.300, 31.800 )


CUTSPACING: ( Different Layer Cut Spacing ) Regular Wire of Net n98  ( metal1 )
Bounds : ( 180.900, 58.200 ) ( 181.500, 58.800 )


CUTSPACING: ( Different Layer Cut Spacing ) Regular Wire of Net cont_nextstate[3]  ( metal1 )
Bounds : ( 183.300, 34.200 ) ( 183.900, 34.800 )


CUTSPACING: ( Different Layer Cut Spacing ) Regular Wire of Net n360  ( metal1 )
Bounds : ( 185.700, 61.200 ) ( 186.300, 61.800 )


CUTSPACING: ( Different Layer Cut Spacing ) Regular Wire of Net clk  ( metal1 )
Bounds : ( 188.100, 37.200 ) ( 188.700, 37.800 )


CUTSPACING: ( Different Layer Cut Spacing ) Regular Wire of Net n98  ( metal1 )
Bounds : ( 190.500, 61.200 ) ( 191.100, 61.800 )


CUTSPACING: ( Different Layer Cut Spacing ) Regular Wire of Net n553  ( metal1 )
Bounds : ( 192.900, 58.200 ) ( 193.500, 58.800 )


CUTSPACING: ( Different Layer Cut Spacing ) Regular Wire of Net instr[30]  ( metal1 )
Bounds : ( 24.900, 55.200 ) ( 25.500, 55.800 )


CUTSPACING: ( Different Layer Cut Spacing ) Regular Wire of Net reset  ( metal1 )
Bounds : ( 27.300, 34.200 ) ( 27.900, 34.800 )


CUTSPACING: ( Different Layer Cut Spacing ) Regular Wire of Net n54  ( metal1 )
Bounds : ( 27.300, 58.200 ) ( 27.900, 58.800 )


CUTSPACING: ( Different Layer Cut Spacing ) Regular Wire of Net n575  ( metal1 )
Bounds : ( 29.700, 31.200 ) ( 30.300, 31.800 )


CUTSPACING: ( Different Layer Cut Spacing ) Regular Wire of Net n575  ( metal1 )
Bounds : ( 46.500, 31.200 ) ( 47.100, 31.800 )


CUTSPACING: ( Different Layer Cut Spacing ) Regular Wire of Net clk  ( metal1 )
Bounds : ( 51.300, 94.200 ) ( 51.900, 94.800 )


CUTSPACING: ( Different Layer Cut Spacing ) Regular Wire of Net instr[31]  ( metal1 )
Bounds : ( 53.700, 52.200 ) ( 54.300, 52.800 )


CUTSPACING: ( Different Layer Cut Spacing ) Regular Wire of Net clk  ( metal1 )
Bounds : ( 60.900, 37.200 ) ( 61.500, 37.800 )


CUTSPACING: ( Different Layer Cut Spacing ) Regular Wire of Net test_se  ( metal1 )
Bounds : ( 72.900, 91.200 ) ( 73.500, 91.800 )


CUTSPACING: ( Different Layer Cut Spacing ) Regular Wire of Net n51  ( metal1 )
Bounds : ( 87.300, 61.200 ) ( 87.900, 61.800 )


CUTSPACING: ( Different Layer Cut Spacing ) Regular Wire of Net n552  ( metal1 )
Bounds : ( 96.900, 34.200 ) ( 97.500, 34.800 )


CUTSPACING: ( Different Layer Cut Spacing ) Regular Wire of Net n49  ( metal1 )
Bounds : ( 96.900, 91.200 ) ( 97.500, 91.800 )


  Total Violations : 1000 Viols.
